132;5;7;2;5;MOB_INT_FR_4             ;{415,416,414,413};"J''utilise l''application Teams sur mobile. Je souhaite consulter le fichier Excel attaché à la conversation de groupe '"Prévisions des ventes 2021'". Quel est le bon parcours pour le consulter? ";Comme sur la version PC de Teams, les fichiers attachés aux conversations de groupe restent accessibles en mobilité. ;;t;2020-09-16 15:09:50.105754;2020-09-16 15:09:50.105754
186;2;4;3;1;PILPROJ_AVA_FR_14        ;{585};"Je fais partie d''un canal privé nommé '"Prévision des ventes'" avec trois de mes collègues. Je souhaite leur partager la nouvelle procédure interne que je viens de recevoir par email, concernant les déplacements professionnels:";Pour ne pas polluer la communication de mes équipes, je choisis toujours le bon outil pour adresser mon message. ;;t;2020-09-16 15:09:50.105754;2020-09-16 15:09:50.105754
67;2;4;2;1;PILPROJ_INT_FR_14        ;{211};Dans une équipe, pour attirer l'attention sur ma publication je peux :  ;"Par défaut, les notifications des canaux sont désactivées. Il est donc important que je mentionne les membres de mon équipe mais également que je rende ma publication attrayante pour attirer l''œil de mon audience. Pour mettre en forme une publication, je clique sur l''icône '"Format'" en forme de A pour accéder à toutes les options. ";;t;2020-09-16 15:09:50.105754;2020-09-16 15:09:50.105754
197;3;4;3;5;REU_AVA_FR_14            ;{619,617,616,618};Quel est le bon parcours pour planifier une réunion directement depuis un canal d'équipe ?;En planifiant des réunions d'équipe de cette manière, je n'ai pas besoin d'inviter les personnes individuellement. Je gagne ainsi du temps !;;f;2020-09-16 15:09:50.105754;2020-09-16 15:09:50.105754
95;2;3;1;4;PILPROJ_DEB_FR_12        ;{306,307,304};Pour avoir une vue sur mes réunions de la semaine, je peux filtrer la vue de mon calendrier par: ;En début de semaine, je prends connaissance des réunions programmées de la semaine. Je me bloque du temps dans mon agenda pour pouvoir avancer sur mes dossiers de fond. ;/PILPROJ/PILPROJ_DEB_FR/PILPROJ_DEB_FR_12/PILPROJ_DEB_FR_12.mp4;t;2020-09-16 15:09:50.105754;2020-09-16 15:09:50.105754
211;3;1;3;1;REU_AVA_FR_15            ;{661};Quel est le meilleur moyen de faire un sondage lors d'une réunion Teams ?;Il est possible d'ajouter un sondage à un canal ou à une discussion d'équipe. Cette fonctionnalité permet de lancer un sondage rapide qui s'affichera directement dans la fenêtre de réunion pour faciliter la participation et l'engagement des participants, tout en actualisant les réponses en temps réel. Si les options B et C sont possibles, elles requièrent néanmoins un comptage manuel des réponses, ce que fera automatiquement le sondage.;;t;2021-04-12 12:19:48.503051;2021-04-12 12:19:48.503051
212;3;5;2;1;REU_INT_FR_15            ;{665};Je souhaite organiser des groupes de travail pendant ma réunion, quelle est la meilleure méthode ?;Il est possible de scinder les participants d'une réunion en petits groupes (jusqu'à 50 salles). Vous pouvez attribuer automatiquement ou manuellement les participants aux salles, et personnaliser les noms des salles !;;t;2021-04-12 13:43:37.816796;2021-04-12 13:43:37.816796
213;3;5;3;1;REU_AVA_FR_16            ;{669};Jusqu'à combien de breakout rooms peut-on créer dans une réunion ?;La fonctionnalité breakout rooms permet à l'organisateur de créer jusqu'à 50 salles lors d'une réunion.;;t;2021-04-12 13:58:40.034854;2021-04-12 13:58:40.034854
214;3;5;2;2;REU_INT_FR_16            ;{670,672,673};Lors d'une réunion Teams, quel est le meilleur moyen pour prendre la parole ou réagir sans interrompre mes interlocuteurs ?;Pour assurer le bon déroulement de vos réunions, il est préférable d'utiliser la fonctionnalité lever la main pour demander à prendre la parole. Vous pouvez également écrire votre question dans le chat pour réagir en direct. Avec les fonctionnalités réactions, vous pouvez mettre un pouce en l'air, un coeur ou applaudir pour réagir sans interrompre vos interlocuteurs.;;t;2021-04-12 14:09:59.972533;2021-04-12 14:09:59.972533
215;3;5;1;1;REU_DEB_FR_15            ;{675};J'arrive avec quelques minutes de retard à une réunion, toute mon équipe est déjà connectée. Quel est le meilleur moyen de la rejoindre sans déranger le bon déroulement de celle-ci ?;Au moment de rejoindre une réunion, Teams vous propose de choisir vos options audios et vidéos. Cette fonctionnalité vous permet de régler au mieux vos paramètres (micro, caméra, filtres d'arrière-plan, etc.);;t;2021-04-12 14:27:33.622824;2021-04-12 14:27:33.622824
97;3;2;1;6;REU_DEB_FR_7             ;{310};Quelle image ne me permet pas de modifier ma photo de profil?  ;D'une manière générale, je prends le temps de télécharger ma photo sur Teams afin d'être mieux identifié.e par mes collègues. ;;t;2020-09-16 15:09:50.105754;2020-09-16 15:09:50.105754
1;4;7;3;5;MNG_AVA_FR_3             ;{4,2,1,3};Je souhaite partager un fichier à mon collègue Bruno, qui ne fait pas partie de l'équipe Teams dans laquelle se trouve ce fichier. Quel est le bon parcours? ;Cette manipulation me permet de partager le fichier à Bruno sans l'ajouter dans l'équipe Teams. ;;t;2020-09-16 15:09:50.105754;2020-09-16 15:09:50.105754
2;1;3;1;6;COMM_DEB_FR_12           ;{5};On me demande de rajouter un ordre du jour à ma réunion. Dans quelle zone dois-je le renseigner? ;Quand je crée une réunion Teams, j'ajoute toujours un ordre du jour pour informer les participants des sujets à discuter. ;;t;2020-09-16 15:09:50.105754;2020-09-16 15:09:50.105754
3;5;1;1;1;MOB_DEB_FR_6             ;{10};Je me promène dans la rue et viens de voir une nouvelle publicité d'un concurrent. J'aimerais prendre une photo avec mon téléphone et l'envoyer rapidement à mon responsable. Comment faire? ;"Grâce à la fonctionnalité '"Caméra'" intégrée dans Teams, je peux être réactif.ve et partager des informations rapidement à mes collègues. Je peux prendre une photo d''un problème technique sur un chantier, un mauvais affichage en magasin, une photo d''un document, d''une carte de visite ou simplement leur partager le menu du midi. Pour cela, j''ouvre l''application, j''appuie sur '"Plus'" et je sélectionne '"Caméra'". Je la partage ensuite dans une conversation ou dans un canal !";;t;2020-09-16 15:09:50.105754;2020-09-16 15:09:50.105754
4;4;8;1;1;MNG_DEB_FR_1             ;{11};Je souhaite transmettre une information importante à tous les membres de mon équipe : comment faire sortir ce message du lot? ;J'évite la duplication d'informations (message dans Teams + Email) pour ne pas perdre mes interlocuteurs et centraliser les échanges. ;;t;2020-09-16 15:09:50.105754;2020-09-16 15:09:50.105754
5;3;7;1;1;REU_DEB_FR_3             ;{14};Avec mes collègues nous sommes en réunion. Pouvons-nous modifier simultanément le même fichier Powerpoint stocké dans un canal? ;La co-édition est toujours possible sur Teams, elle est même recommandée ! ;;t;2020-09-16 15:09:50.105754;2020-09-16 15:09:50.105754
6;2;2;2;5;PILPROJ_INT_FR_7         ;{17,19,18,16};Je travaille sur des sujets importants et je souhaite être informé.e par email des activités manquées sur Teams. Comment faire? ;Pour ne rien rater des notifications importantes sur mes projets, je paramètre mes notifications et je suis informé.e de tout même en consultant mes emails!;;t;2020-09-16 15:09:50.105754;2020-09-16 15:09:50.105754
7;2;7;2;5;PILPROJ_INT_FR_4         ;{22,23,21,20};Je souhaite retrouver l'ancienne version d'un document partagé dans Teams, quel est le bon parcours? ;En partageant un document dans une équipe, je suis sûr.e qu'il n'y a plus qu'une seule version de document. Je suis sûr.e de travailler sur la dernière version à jour et si besoin je peux télécharger une ancienne version à une date précise, en utilisant l'historique des versions. ;;t;2020-09-16 15:09:50.105754;2020-09-16 15:09:50.105754
8;1;2;3;2;COMM_AVA_FR_7            ;{25,26,24};"Trouvez les bonnes réponses, lorsque je suis en statut '"Ne pas déranger'": ";"Je peux rajouter des personnes à ma liste de contacts prioritaires depuis les Paramètres, en allant ensuite dans la section '"Confidentialité'". Même si un.e des mes contacts est en statut '"Ne pas déranger'" une notification est envoyée quoi qu''il arrive lorsque je publie un message important. Je dois donc utiliser cette fonctionnalité avec parcimonie !";;t;2020-09-16 15:09:50.105754;2020-09-16 15:09:50.105754
117;5;5;1;3;MOB_DEB_FR_9             ;{369};Que fait Alex dans cette vidéo? ;Je transforme rapidement mes conversations en appel visio pour faire un point rapide avec mes interlocuteurs. ;/MOB/MOB_DEB_FR/MOB_DEB_FR_9/MOB_DEB_FR_9.mp4;t;2020-09-16 15:09:50.105754;2020-09-16 15:09:50.105754
9;5;7;1;2;MOB_DEB_FR_4             ;{29,30,28};Je consulte les fichiers d'une équipe depuis l'application mobile. Si je le souhaite, je peux ajouter :;Je peux continuer à travailler dans mes équipes, d'où je veux et quand je veux, grâce à l'application Teams sur mobile.;;t;2020-09-16 15:09:50.105754;2020-09-16 15:09:50.105754
10;4;1;1;2;MNG_DEB_FR_6             ;{31,33};Je fais partie d'une équipe de 20 personnes et j'ai repéré une formation en ligne intéressante pour mes collègues. Comment la mettre en évidence dans Teams ? ;J'utilise les canaux à bon escient pour structurer la communication au sein de mon équipe. ;;t;2020-09-16 15:09:50.105754;2020-09-16 15:09:50.105754
11;4;7;1;1;MNG_DEB_FR_4             ;{34};Je suis manager d'une équipe de commerciaux et j'ai demandé à mes collègues de compléter le fichier Excel des congés d'été dans notre équipe Teams. Alex a indiqué qu'il prendrait les mois de juillet et août. Quelle est la bonne pratique pour l'interpeller sur ce qui semble être une erreur ?;"Si j''ai des questions sur une zone spécifique d''un fichier Word, Powerpoint ou Excel, j''utilise la fonctionnalité '"Commentaires'". Cela permettra à la personne concernée d''apporter rapidement la réponse à ma question. ";;t;2020-09-16 15:09:50.105754;2020-09-16 15:09:50.105754
12;1;1;1;1;COMM_DEB_FR_6            ;{38};Je travaille en binôme avec Alex. Je veux mettre en place des notes partagées à épingler à notre conversation. Quelle application dois-je utiliser? ;Quand je travaille en équipe sur un projet, j'utilise les notes partagées pour que tout le monde retrouve les informations au même endroit. ;;t;2020-09-16 15:09:50.105754;2020-09-16 15:09:50.105754
13;5;4;3;1;MOB_AVA_FR_13            ;{42};"Sur l''application mobile, j''ai 20 équipes affichées dans l''onglet '"Equipes'", ce qui n''est pas très confortable. Comment réduire cette liste ? ";Je peux moduler facilement l'affichage des équipes dans l'application mobile.;;t;2020-09-16 15:09:50.105754;2020-09-16 15:09:50.105754
14;2;5;2;2;PILPROJ_INT_FR_9         ;{45,46};Julie est en déplacement professionnel, et elle souhaite joindre la réunion hebdomadaire par téléphone. Où peut-elle trouver le numéro de téléphone associé? ;Quand je crée une réunion Teams depuis Outlook, je vérifie toujours que les éléments de connexion à la réunion sont ajoutés automatiquement en bas de l'invitation. Ces informations de connexion sont disponibles aussi bien sur Teams que sur Outlook ! ;;t;2020-09-16 15:09:50.105754;2020-09-16 15:09:50.105754
15;5;1;3;5;MOB_AVA_FR_5             ;{47,49,48};Quel est le bon parcours pour accéder à mon OneDrive, alors que j'utilise l'application Teams sur mobile? ;;;t;2020-09-16 15:09:50.105754;2020-09-16 15:09:50.105754
16;2;8;3;1;PILPROJ_AVA_FR_1         ;{50};On vient d'envoyer un email à mon équipe en me mettant en cc. Pour éviter les interminables échanges d'email, je souhaite utiliser Teams, à la place: ;"Quand je constate qu''un échange serait plus efficace sur Teams que par email, je redirige la conversation vers Teams en utilisant la fonctionnalité '"Répondre par un message instantané'" depuis Outlook. Attention, cette fonctionnalité n''est pas disponible actuellement sur MacOS. ";;t;2020-09-16 15:09:50.105754;2020-09-16 15:09:50.105754
17;4;2;1;1;MNG_DEB_FR_7             ;{54};Vrai ou faux? Dans Teams, je peux personnaliser mon statut pour indiquer ma localisation géographique, mes plages horaires de disponibilité ou mon humeur !;Je peux personnaliser Teams chaque jour !;;t;2020-09-16 15:09:50.105754;2020-09-16 15:09:50.105754
18;4;1;1;1;MNG_DEB_FR_5             ;{55};Je souhaite féliciter un membre de mon équipe de commerciaux, pour avoir remporté un contrat d'exclusivité avec l'un de nos clients, comment faire? ;J'évite au maximum les chaînes de mail pour des félicitations ou des remerciements ! En revanche, je n'hésite pas utiliser les badges colorés de Teams pour féliciter mes collaborateurs pour leurs succès, pour remercier mes collègues de leurs efforts, conseils, etc …;;t;2020-09-16 15:09:50.105754;2020-09-16 15:09:50.105754
19;4;3;1;1;MNG_DEB_FR_12            ;{57};Vrai ou faux? Dans mon calendrier Teams, je peux ajouter des catégories de couleurs personnalisées, comme dans Outlook. ;;;t;2020-09-16 15:09:50.105754;2020-09-16 15:09:50.105754
20;3;7;1;2;REU_DEB_FR_4             ;{59,60,61};Pour co-éditer simultanément un document Excel avec mes collègues, je clique sur: ;Si je souhaite co-éditer un document avec plusieurs de mes collègues, j'évite de le télécharger sur mon PC pour bénéficier de la fonctionnalité co-édition. ;;t;2020-09-16 15:09:50.105754;2020-09-16 15:09:50.105754
21;4;4;2;5;MNG_INT_FR_13            ;{66,64,65,63};J'ai besoin de diffuser la même information dans plusieurs équipes, quel est le bon parcours? ;Je gagne du temps en publiant une même information dans plusieurs canaux d'équipes. ;;t;2020-09-16 15:09:50.105754;2020-09-16 15:09:50.105754
22;2;3;1;1;PILPROJ_DEB_FR_11        ;{67};"Vrai ou faux? Toute personne qui utilise la fonctionnalité '"Assistant de planification'", aura accès aux détails de mon calendrier. ";"J''utilise la fonctionnalité '"Assistant de planification'" pour voir les créneaux disponibles de mes interlocuteurs. S''ils ne m''ont pas partagé leurs calendriers sur Outlook, je n''aurai pas accès aux détails de leurs calendriers. Si une case est vide, cela signifie qu''ils sont disponibles, si elle est pleine, ils sont occupés, si elle est composée de rayures, ils sont occupés provisoirement et si elle est rouge, ils sont absents. ";;t;2020-09-16 15:09:50.105754;2020-09-16 15:09:50.105754
23;1;4;2;2;COMM_INT_FR_14           ;{70,71,72};Je viens de créer une équipe, mais certains membres ne la voient pas dans leur liste. Comment puis-je les aider à la retrouver? ;Quand je crée une nouvelle équipe, je crée une publication de bienvenue en mentionnant les membres de l'équipe. J'y ajoute la description et l'objectif de cette nouvelle équipe.;;t;2020-09-16 15:09:50.105754;2020-09-16 15:09:50.105754
24;1;7;2;1;COMM_INT_FR_3            ;{75};Lorsque je dépose un fichier dans un canal, aucune notification n'est envoyée. Quelle est la solution idéale pour prévenir mes collègues qu'un fichier est disponible ?;Pour s'assurer que les fichiers sont toujours correctement rangés dans mon canal, mon équipe et moi créons tous les dossiers nécessaires et nous nous efforçons ne notifier lorsque nous déposons de nouveaux fichiers. ;;t;2020-09-16 15:09:50.105754;2020-09-16 15:09:50.105754
25;3;7;3;5;REU_AVA_FR_3             ;{76,77,78,79};J'ai organisé une formation via Teams avec l'équipe commerciale. Je vais démarrer la formation et je souhaite accéder à la liste des personnes présentes. Quel est le bon parcours pour y accéder? ;Je peux organiser une formation via une réunion Teams et télécharger la liste des participants. Cela me permet d'assurer un suivi et de relancer ceux qui n'ont pas pu y assister. ;;t;2020-09-16 15:09:50.105754;2020-09-16 15:09:50.105754
26;2;8;3;2;PILPROJ_AVA_FR_2         ;{83,81,80};Dans quels cas est-il conseillé de publier mon message dans une conversation de groupe plutôt que dans un canal?  ;Avant de publier une information, je m'assure que l'emplacement que j'utilise est le bon pour adresser mon message. ;;t;2020-09-16 15:09:50.105754;2020-09-16 15:09:50.105754
27;1;3;2;2;COMM_INT_FR_12           ;{86,87,84};Depuis mon calendrier Teams, je peux: ;Pour ne pas être submergé.e de réunions, je réserve toujours des créneaux dans mon calendrier pour avancer sur mes tâches individuelles, et pour communiquer mes disponibilités à mes interlocuteurs. ;;t;2020-09-16 15:09:50.105754;2020-09-16 15:09:50.105754
28;3;5;1;1;REU_DEB_FR_10            ;{89};Je suis en réunion, j'interviens mais personne ne réagit à ma proposition…. Que se passe-t-il? ;Teams détecte et conseille proactivement les participants lorsque de petites erreurs communes impactent le bon déroulé d'une réunion. ;;t;2020-09-16 15:09:50.105754;2020-09-16 15:09:50.105754
29;3;4;2;1;REU_INT_FR_14            ;{92};Je souhaite organiser une réunion de division avec les équipes régionales et on compte 50 personnes à inviter. Est-ce que je peux inviter tout le monde dans une réunion Teams? ;Sur Teams, je peux organiser des réunions jusqu'à 250 personnes. Pratique pour les réunions générales trimestrielles, les appels régionaux et en plus, tout le monde peut joindre la réunion de n'importe où !;;t;2020-09-16 15:09:50.105754;2020-09-16 15:09:50.105754
30;3;5;1;7;REU_DEB_FR_9             ;{96,94};Quelles icônes permettent de transformer une conversation de groupe en une réunion adhoc? ;;;t;2020-09-16 15:09:50.105754;2020-09-16 15:09:50.105754
31;4;4;3;5;MNG_AVA_FR_13            ;{99,100,98,97};Pour mieux m'y retrouver entre mes équipes, je souhaite personaliser l'image à gauche du nom de l'équipe. Quel est le bon parcours? ;Une image personnalisée pour chaque équipe me permettra de mieux me repérer visuellement, dans la liste des équipes.;;t;2020-09-16 15:09:50.105754;2020-09-16 15:09:50.105754
32;3;4;1;6;REU_DEB_FR_14            ;{103};Une nouvelle personne vient d'intégrer mon équipe. Pour être rapidement opérationnelle, elle souhaite savoir où elle peut accéder aux notes de la réunion hebdomadaire de l'équipe. Elle peut les retrouver dans l'onglet…;Pour les réunions périodiques, j'encourage mes collègues à utiliser les notes partagées pour avoir une synthèse des points abordés par date. ;;t;2020-09-16 15:09:50.105754;2020-09-16 15:09:50.105754
33;4;1;3;2;MNG_AVA_FR_6             ;{106,105};Mon équipe et moi ne sommes pas sur le même site géographique. Pourtant, j'ai besoin d'organiser un atelier idéation autour d'un projet. Quel outil pouvons-nous utiliser à distance?  ;Avec mon équipe, nous n'avons plus besoin d'être dans la même salle pour brainstormer sur un sujet. Pendant la réunion Teams, nous pouvons le faire via les notes partagées ou encore utiliser une application tierce (Klaxoon, Miro, Beekast…) si mon organisation en dispose d'une. ;;t;2020-09-16 15:09:50.105754;2020-09-16 15:09:50.105754
34;4;4;3;1;MNG_AVA_FR_14            ;{109};Où se trouve la date d'expiration de l'équipe que j'ai créée? ;La date d'expiration de l'équipe dépend de la stratégie adoptée par l'entreprise : 3 mois, 6 mois, 12 mois, 18 mois... ;;t;2020-09-16 15:09:50.105754;2020-09-16 15:09:50.105754
35;1;8;3;1;COMM_AVA_FR_1            ;{111};Quel est l'astuce pour envoyer rapidement un message  à un contact ?;"La barre de recherche ne sert pas uniquement à effectuer des recherches, elle me permet également de faire diverses actions. Je découvre la liste de toutes les actions possibles en tapant '"/'" dans la barre de recherche !";;t;2020-09-16 15:09:50.105754;2020-09-16 15:09:50.105754
36;2;4;3;5;PILPROJ_AVA_FR_13        ;{116,114,113,115};Je souhaite archiver une équipe qui est liée à un projet terminé. Quel est le bon parcours? ;Lorsqu'une des équipes n'est plus active, je l'archive pour m'en servir de référence et pour pouvoir la réactiver à l'avenir. Pour que les membres de cette équipe puisse continuer à accéder aux fichiers, je cocher la fonction Autoriser l'accès du site SharePoint en lecture seule pour les membres de l'équipe. ;;t;2020-09-16 15:09:50.105754;2020-09-16 15:09:50.105754
37;5;3;2;2;MOB_INT_FR_12            ;{117};J'ai accepté une réunion programmée pour cet après-midi mais finalement je ne peux pas y assister car j'ai un rendez-vous chez un client. Comment en informer l'organisateur.rice de la réunion?;Quand mon agenda est chargé et que je ne peux finalement pas assister une réunion, je modifie ma réponse et j'ajoute une note expliquant le motif de refus. Comme cela j'évite de déranger l'organisateur.rice dans son travail et il.elle a une vue à jour des réponses des participants de sa réunion. ;;t;2020-09-16 15:09:50.105754;2020-09-16 15:09:50.105754
38;2;7;1;1;PILPROJ_DEB_FR_4         ;{120};Je travaille avec mon équipe sur un fichier Excel partagé dans Teams. Quelle est la bonne pratique pour informer Alex qu'il y a une erreur sur une de ses formules?;"Si j''ai des questions sur une zone spécifique d''un fichier Word, Powerpoint ou Excel, je vais dans l''onglet '"Révision'" du document et j''insère des '"Commentaires'" et j''utilise le @mention. Cela permettra à la personne concernée d''apporter rapidement la réponse à ma question. ";;t;2020-09-16 15:09:50.105754;2020-09-16 15:09:50.105754
39;2;8;1;6;PILPROJ_DEB_FR_1         ;{124};Quelle icône permet d'ajouter des participants à une conversation de groupe? ;"Si je dois ajouter des nouvelles personnes à une conversation de groupe, j''utilise la fonctionnalité '"Ajouter des participants'" au lieu de créer une nouvelle conversation. ";;t;2020-09-16 15:09:50.105754;2020-09-16 15:09:50.105754
40;1;7;3;2;COMM_AVA_FR_4            ;{127,128};Pendant un appel, on me demande de retrouver un fichier partagé sur Teams. Comment faire? ;"Pour retrouver rapidement un fichier, je tape le nom du fichier dans la barre de recherche Teams. Je filtre ensuite les résultats de recherche sur '"Filtrer'". ";;t;2020-09-16 15:09:50.105754;2020-09-16 15:09:50.105754
41;5;2;1;1;MOB_DEB_FR_8             ;{131};Je sais que j'ai posté une réponse importante à un message d'Alex, mais je ne sais plus dans quelle équipe Teams. Comment retrouver mon message? ;"Cela m''arrive de vouloir retourner sur une publication à laquelle j''ai réagi. Pour retrouver mes dernières activités dans les différentes équipes Teams auxquelles j''appartiens, je vais dans l''onglet '"Activité'" et je sélectionne '"Mon activité'" au lieu de '"Flux'".";;t;2020-09-16 15:09:50.105754;2020-09-16 15:09:50.105754
42;4;5;3;2;MNG_AVA_FR_9             ;{132,135,133,134};Je peux gérer tous mes appels depuis Teams car: ;Je n'ai plus besoin d'avoir plusieurs équipements téléphoniques. Je peux gérer facilement tous mes appels dans Teams! C'est pratique de pouvoir tout retrouver au même endroit!;;t;2020-09-16 15:09:50.105754;2020-09-16 15:09:50.105754
43;5;3;1;1;MOB_DEB_FR_12            ;{137};Je viens de voir dans mon agenda que j'ai une réunion Teams à 15h. Le créneau ne me convient pas car j'ai un rendez-vous à l'extérieur à la même heure. Par contre, je suis disponible une heure avant. Comment faire? ;Quand je reçois une invitation à une réunion, je réponds toujours à l'organisateur en lui disant si j'accepte, je refuse ou si je suis disponible provisoirement pour sa réunion. Si le créneau ne me convient pas, j'utilise l'Assistant de planification et je propose un nouveau créneau sur lequel les autres participants sont également disponibles.;;t;2020-09-16 15:09:50.105754;2020-09-16 15:09:50.105754
44;5;3;1;2;MOB_DEB_FR_11            ;{140,139};"Je suis en déplacement professionnel et on m''a volé mon ordinateur portable professionel. 
Comment participer à la réunion Teams très importante à 17H? ";Même sur un ordinateur qui n'est pas le mien (personnel ou professionnel), je peux retrouver mon environnement de travail via Office.com : Teams, mes documents avec OneDrive, mes emails sur Outlook….;;t;2020-09-16 15:09:50.105754;2020-09-16 15:09:50.105754
45;4;1;3;2;MNG_AVA_FR_5             ;{143,142};Nous avons une présentation avec un client. Mon client m'indique qu'il est avec un membre de son équipe qui est mal entendant et qu'il a besoin du sous-titrage pour suivre la réunion en ligne. Qu'est-ce je fais?  ;Afin de garantir l'accessibilité numérique pour tous, je recommande à mon équipe de prendre connaissance des fonctionnalités d'accessibilité disponibles dans les applications Microsoft, pour être sûr que tous les contenus soient accessibles.  Ainsi, on peut s'adapter facilement à toutes les situations et partager les bonnes pratiques.;;t;2020-09-16 15:09:50.105754;2020-09-16 15:09:50.105754
46;2;8;2;1;PILPROJ_INT_FR_2         ;{145};Comment m'assurer que les membres de ma conversation de groupe ont bien vu mon message? ;"Dans une conversation de groupe, je structure mes messages pour ne pas noyer mes interlocuteurs de messages. Je clique sur '"Autres options'" pour savoir qui a vu mon message. ";;t;2020-09-16 15:09:50.105754;2020-09-16 15:09:50.105754
47;1;2;2;6;COMM_INT_FR_7            ;{149};Je souhaite ne pas être interrompu.e pendant 2 heures pour travailler tranquillement sur un dossier de fond. Quel est le seul statut qui désactive toutes mes notifications ?;"Voici comment mon statut s''actualise automatiquement sur Teams: 
- Disponible (s''active automatiquement si je n''ai rien dans mon Calendrier)
- Occupé/En réunion (s''active automatiquement lorsque je suis en réunion)
- Ne pas déranger (s''active automatiquement lorsque je fais un partage d''écran)
- Absent (s''active après une longue période d''inactivité sur Teams)
- Absent du bureau (s''active lorsque cela est indiqué dans mon calendrier Outlook)
- Déconnecté (s''active automatiquement quand je me déconnecte de l''application)";;t;2020-09-16 15:09:50.105754;2020-09-16 15:09:50.105754
48;2;3;2;1;PILPROJ_INT_FR_11        ;{152};Vrai ou Faux? Je peux inviter des externes à une réunion Teams avec mon équipe projet.;Je peux inviter des externes à une réunion Teams en ajoutant leurs adresses email dans l'invitation. Même si les personnes externes ne sont pas familières avec Teams, elles peuvent rejoindre et participer  à la réunion Teams grâce aux éléments de connexion inclus dans l'invitation. ;;t;2020-09-16 15:09:50.105754;2020-09-16 15:09:50.105754
49;2;7;1;1;PILPROJ_DEB_FR_3         ;{153};Est-ce que je peux travailler simultanément avec mes collègues sur un même fichier Powerpoint? ;Je partage mes fichiers dans mes équipes Teams. Ainsi, mes collègues et moi-même pouvons travailler sur une même version d'un document, plutôt que d'envoyer des versions successives par email.;;t;2020-09-16 15:09:50.105754;2020-09-16 15:09:50.105754
50;1;8;2;2;COMM_INT_FR_1            ;{158,159,156};QueIles sont les fonctionnalités disponibles pour mettre en forme mon message? ;Je mets en forme mes messages pour une meilleure lisibilité et j'utilise les émojis et les Gifs pour ajouter du fun dans mes conversations. ;;t;2020-09-16 15:09:50.105754;2020-09-16 15:09:50.105754
51;4;4;1;1;MNG_DEB_FR_13            ;{162};"Mon Manager a posté une publication importante sur les congés d''été dans le canal '"RH'" de notre équipe. Je souhaite suivre spécifiquement cette publication et les réponses apportées par mes collègues. Comment faire? ";Je peux activer ou désactiver les notifications de Teams à une maille très fine, par exemple par publication. ;;t;2020-09-16 15:09:50.105754;2020-09-16 15:09:50.105754
52;3;2;1;1;REU_DEB_FR_8             ;{164};Je peux filtrer des conversations, de manière à ne retrouver que celles liées à des réunions.  ;"Pour retrouver mes conversations échangées lors des réunions, depuis l''onglet '"Conversation'", j''utilise la fonctionnalité '"Filtre'" et je sélectionne '"Réunions'". Je peux ensuite épingler les conversations que je souhaite conserver en haut de la liste. ";;t;2020-09-16 15:09:50.105754;2020-09-16 15:09:50.105754
53;2;7;2;1;PILPROJ_INT_FR_3         ;{166};Mon équipe et moi tenons à jour un fichier Excel de suivi de données. Existe-t-il un moyen d'y avoir facilement accès ?;Pour permettre à mon équipe d'accéder rapidement à un document clé, je l'épingle dans le canal adéquat. ;;t;2020-09-16 15:09:50.105754;2020-09-16 15:09:50.105754
54;2;4;2;1;PILPROJ_INT_FR_13        ;{167};J'ai besoin de co-créer ou de partager des informations confidentielles avec certains membres de mon équipe, comment faire? ;"Il est plus intéressant de créer un canal privé dans une équipe qu''une conversation de groupe ou un email, car de cette manière toute l''information portant sur un même projet est conservée au même endroit et non pas dispersée entre une équipe, des conversations, des emails... Pour cela, je clique sur '"Plus d''options …'", puis sur '"Ajouter un canal'". Un canal privé n''est seulement visible et accessible que par les membres sélectionnés.";;t;2020-09-16 15:09:50.105754;2020-09-16 15:09:50.105754
55;4;5;2;5;MNG_INT_FR_9             ;{173,171,172,170};Quel est le bon parcours pour ajouter un délégué pour mes appels Teams?;Sur Teams, les délégués peuvent passer et recevoir des appels en mon nom. J'utilise cette fonctionnalité quand je ne suis pas joignable, quand je suis en déplacement, en congés ou en voyage professionnel. ;;t;2020-09-16 15:09:50.105754;2020-09-16 15:09:50.105754
56;3;3;3;6;REU_AVA_FR_12            ;{174};J'ai une réunion avec des filiales étrangères, quelle icône me permet d'activer le sous-titrage lors d'une réunion Teams? ;Grâce au sous-titrage instantané, nous nous comprenons plus facilement entre membres de filiales étrangères. Et c'est également très pratique pour les réunions inclusives !;;t;2020-09-16 15:09:50.105754;2020-09-16 15:09:50.105754
57;3;8;3;2;REU_AVA_FR_2             ;{178,177};Je transforme une conversation en une réunion ad hoc quand: ;"Lorsque je crée une réunion rapide depuis une conversation de groupe, je n''ai pas accès aux fonctionnalités avancées des réunions. Si je souhaite '"Enregistrer la réunion'", utiliser la fonction'"Lever la main'", avoir des '"Notes partagées'"… je dois créer la réunion depuis mon '"Calendrier'" Teams. ";;t;2020-09-16 15:09:50.105754;2020-09-16 15:09:50.105754
58;3;3;2;2;REU_INT_FR_12            ;{180,181};Je suis en train de créer une réunion Teams et je souhaite paramétrer ses options, comment faire? ;Dans les options, je pourrai paramétrer des élements tels que la salle d'attente ou le rôle de présentateur. ;;t;2020-09-16 15:09:50.105754;2020-09-16 15:09:50.105754
59;1;3;2;6;COMM_INT_FR_11           ;{185};"Je souhaite prendre la parole lors d''une réunion avec une dizaine de participants. Sur quelle icône dois-je cliquer pour '"Lever la main'"? ";"Dans la mesure du possible, je privilégie le chat ou la fonction '"Lever la main'" pour interagir avec les autres participants pendant une réunion. ";;t;2020-09-16 15:09:50.105754;2020-09-16 15:09:50.105754
60;3;7;2;1;REU_INT_FR_4             ;{186};Qui peut télécharger la liste des participants à une réunion? ;;;t;2020-09-16 15:09:50.105754;2020-09-16 15:09:50.105754
61;3;3;1;1;REU_DEB_FR_12            ;{190};Vrai ou faux? Dans Teams, lorsque je crée une réunion, je peux accéder à l'Assistant planification.;"Lorsque je crée une réunion dans Teams, une fois que j''ai indiqué les participants, je peux cliquer sur l''onglet '"Assistant de planification'" pour vérifier leurs disponibilités.";;t;2020-09-16 15:09:50.105754;2020-09-16 15:09:50.105754
62;2;1;2;2;PILPROJ_INT_FR_6         ;{192,193};J'aimerais avoir une vue sur l'avancement des tâches de mon équipe projet. Quel outil dois-je privilégier dans Teams ?;Utiliser des applications spécifiques à la gestion des tâches et de projets permet à mon équipe d'être plus efficace et de réduire l'envoi de messages ou d'emails sur la progression des tâches.;;t;2020-09-16 15:09:50.105754;2020-09-16 15:09:50.105754
63;3;1;2;1;REU_INT_FR_5             ;{196};J'ai organisé une réunion Teams pour former mes collègues sur l'utilisation d'une nouvelle application métier. Dans le bac de partage de la réunion, je sélectionne: ;Je partage une seule fenêtre quand j'ai besoin de n'afficher qu’une seule chose et que je veux masquer le reste de l’écran. Quand je navigue sur mon bureau, les participants ne voient que la fenêtre que j'ai partagée. ;;t;2020-09-16 15:09:50.105754;2020-09-16 15:09:50.105754
64;4;1;2;1;MNG_INT_FR_6             ;{197};Un responsable commercial me demande quelle application j'utilise pour gérer les congés de mon équipe. Il gère une équipe de 20 personnes et aimerait avoir un fichier de suivi personnel des congés de son équipe. Que puis-je lui recommander? ;Les applications Microsoft disposent d'un champ de possibilités pour m'aider à bien gérer mes équipes. Je privilégie Excel pour avoir un suivi global des congés de mon équipe. Et en plus, je peux l'épingler dans Teams ou le partager facilement aux RH!;;t;2020-09-16 15:09:50.105754;2020-09-16 15:09:50.105754
65;1;1;2;5;COMM_INT_FR_5            ;{201,202,203,200};Quel est le bon parcours pour épingler un site internet à un canal, afin d'y accéder facilement? ;Pour accéder rapidement à un site internet spécifique qui sera utile à mon équipe, je crée un onglet dédié qui nous permettra d'accéder au site directement dans Teams. ;;t;2020-09-16 15:09:50.105754;2020-09-16 15:09:50.105754
66;1;2;3;5;COMM_AVA_FR_8            ;{206,207,205,204};J'utilise les raccourcis claviers pour naviguer rapidement. Alex travaille sur MacOS et cherche les raccourcis claviers disponibles sur cette plateforme. Je lui montre le bon parcours pour y accéder:;Lorsque je suis très à l'aise avec Teams, naviguer ou interagir grâce à des raccourcis clavier peut se révéler efficace !;;t;2020-09-16 15:09:50.105754;2020-09-16 15:09:50.105754
68;1;8;1;6;COMM_DEB_FR_2            ;{214};QueIle icône permet d'ouvrir une conversation dans une nouveIle fenêtre? ;Il est confortable d'ouvrir certaines conversations dans des fenêtres séparées ! ;;t;2020-09-16 15:09:50.105754;2020-09-16 15:09:50.105754
69;5;4;1;1;MOB_DEB_FR_13            ;{216};"Dans l''application Teams sur mon PC, dans l''onglet '"Equipes'", j''ai épinglé 3 canaux clés que je consulte très régulièrement. Vais-je retrouver ces 3 canaux dans l''application Teams sur mobile? ";;;t;2020-09-16 15:09:50.105754;2020-09-16 15:09:50.105754
70;3;1;2;1;REU_INT_FR_6             ;{220};"Pendant une réunion, si on me demande de partager une présentation Powerpoint, il est conseillé de sélectionner '"Partager un Fichier PowerPoint'" plutôt que '"Partager une fenêtre'" car: ";"Pendant une réunion, si nous devons présenter à plusieurs une présentation, je sélectionne '"Partager un Fichier Powerpoint'" dans le bac de partage. Ainsi, les autres participants pourront la parcourir à leur propre rythme sans interrompre la présentation principale. Plus besoin de dire '"Reviens sur la slide 2'"! Je peux également donner la main aux autres présentateurs sans arrêter le partage et reprendre le contrôle à tout moment. ";;t;2020-09-16 15:09:50.105754;2020-09-16 15:09:50.105754
71;4;8;3;1;MNG_AVA_FR_2             ;{222};Dans les conversations et les publications, je peux utiliser des autocollants à la place des GIFs, je peux les personnaliser via : ;"La personnalisation est toujours très appréciée de mes collègues ! Pour personnaliser un autocollant, je clique sur le bouton '"Autocollant'", j''en sélectionne un parmi ceux qui sont illustrés avec un petit crayon, et j''ajoute mon message. ";;t;2020-09-16 15:09:50.105754;2020-09-16 15:09:50.105754
72;2;1;3;1;PILPROJ_AVA_FR_5         ;{225};Où retrouver rapidement la liste des applications utilisées dans mon équipe? ;"Pour visionner les applications utilisées dans mon équipe, je vais dans '"Gérer l''équipe'" et j''obtiens la liste dans l''onglet '"Applications'". Je peux choisir de désinstaller celles qui n''ont pas d''utilité dans mon équipe. ";;t;2020-09-16 15:09:50.105754;2020-09-16 15:09:50.105754
73;1;1;2;1;COMM_INT_FR_6            ;{228};Je souhaite lancer un sondage auprès des membres d'un canal. Comment puis-je faire ?;"En utilisant des outils intégrés à Teams, je suis plus efficace car je n''ai pas besoin de sortir de Teams pour créer un sondage. Dans la zone de publication, je clique sur l''icône '"…'" (Extensions de messagerie) je sélectionne l''application '"Sondage'", je clique sur '"Ajouter'" et je personnalise mon sondage. ";;t;2020-09-16 15:09:50.105754;2020-09-16 15:09:50.105754
74;4;2;2;5;MNG_INT_FR_8             ;{232,231,230};Quel est le bon parcours pour modifier mon statut sur Teams en un minimum de clics?;Mes interlocuteurs sauront si je suis joignable grâce à mon statut à jour.;;t;2020-09-16 15:09:50.105754;2020-09-16 15:09:50.105754
75;2;5;3;1;PILPROJ_AVA_FR_10        ;{235};Megan coordonne un projet avec moi. Elle participe à un événement externe cet après-midi et elle souhaite me transférer tous ses appels. Quelle est l'astuce pour reconnaître ces appels transférés? ;"Si je travaille en binôme avec un.e collègue, lorsque l''un.e de nous n''est pas disponible pour répondre, on se transfère les appels pour que nos interlocuteurs aient toujours un point de contact principal sur le projet. Je peux accéder à cette fonctionnalité depuis les '"Paramètres'" et en sélectionnant ensuite la section '"Appels'".";;t;2020-09-16 15:09:50.105754;2020-09-16 15:09:50.105754
76;2;1;1;6;PILPROJ_DEB_FR_6         ;{238};Sur Teams, je peux épingler une application dans une équipe. Dans quel onglet puis-je retrouver le catalogue d'applications disponibles? ;Quand je travaille sur une application tierce avec mon équipe, je vérifie qu'elle est disponible dans le catalogue d'applications de Teams et je l'épingle dans un des canaux. ;;t;2020-09-16 15:09:50.105754;2020-09-16 15:09:50.105754
77;3;3;2;2;REU_INT_FR_11            ;{239,241};Puis-je créer une réunion Teams périodique? ;;;t;2020-09-16 15:09:50.105754;2020-09-16 15:09:50.105754
78;1;3;3;1;COMM_AVA_FR_12           ;{244};Mon responsable est en déplacement à l'étranger. Il me demande de modifier l'horaire de notre point hebdomadaire pour correspondre à son fuseau horaire. Comment faire? ;Si j'ai une réunion avec une personne à l'étranger, en créant la réunion je sélectionne son fuseau horaire puis je clique sur l'Assistant de planification pour voir les créneaux disponibles sur nos deux agendas. Je privilégie les horaires de travail pour préserver l'équilibre personnel et professionnel. ;;t;2020-09-16 15:09:50.105754;2020-09-16 15:09:50.105754
79;1;2;1;3;COMM_DEB_FR_7            ;{246};Que fait Alex dans cette vidéo? ;"Je modifie mon statut pour informer mes interlocuteurs que je suis '"Disponible'", '"Occupé'", '"De retour bientôt'", '"Absent'" ou en mode '"Ne pas déranger'". ";/COMM/COMM_DEB_FR/COMM_DEB_FR_7/COMM_DEB_FR_7.mp4;t;2020-09-16 15:09:50.105754;2020-09-16 15:09:50.105754
80;5;7;3;7;MOB_AVA_FR_4             ;{251,248,249};Depuis l'application mobile Teams, quelles sont les options qui me permettent de partager un fichier? ;;;t;2020-09-16 15:09:50.105754;2020-09-16 15:09:50.105754
81;3;5;2;5;REU_INT_FR_10            ;{255,253,254,252};Je suis en réunion avec mon équipe de commerciaux, et nous avons besoin d'interroger l'expert en droit commercial de notre entreprise. Quel est le bon parcours pour l'ajouter à la volée à notre réunion?  ;;;t;2020-09-16 15:09:50.105754;2020-09-16 15:09:50.105754
82;5;3;3;1;MOB_AVA_FR_12            ;{259};J'étais en congés la semaine dernière et je n'ai pas pu assister à la réunion hedbomadaire de l'équipe. Heureusement, nos réunions d'équipe sont organisées depuis le canal de l'équipe et enregistrées à chaque fois. Où puis-je trouver cet enregistrement? ;L'enregistrement des réunions, s'il est autorisé par l'entreprise, permet aux absents de prendre connaissance de la réunion, ou de revisionner individuellement des moments de cette réunion.;;t;2020-09-16 15:09:50.105754;2020-09-16 15:09:50.105754
83;5;8;3;5;MOB_AVA_FR_2             ;{263,261,262,260};Sur l'application mobile Teams, je souhaite activer les confirmations de lecture pour indiquer à mes contacts que j'ai lu leurs messages, et recevoir une confirmation de lecture des miens. Quel est le bon parcours? ;Je peux également activer les confirmations de lecture depuis mon PC.;;t;2020-09-16 15:09:50.105754;2020-09-16 15:09:50.105754
84;1;5;3;1;COMM_AVA_FR_9            ;{266};Je suis en réunion et on vient de me laisser un message vocal sur mon répondeur. J'aimerais savoir si c'est urgent. Comment le consulter discrètement depuis Teams? ;"Je demande toujours à mes interlocuteurs de me laisser un message vocal. La fonctionnalité '"Transcription des messages vocaux'" me permet de consulter rapidement ma messagerie même si je suis en réunion!";;t;2020-09-16 15:09:50.105754;2020-09-16 15:09:50.105754
85;5;4;2;5;MOB_INT_FR_13            ;{267,270,268,269};Quel est le bon parcours dans l'application mobile Teams, pour retrouver rapidement les publications où on me mentionne? ;Si je ne me suis pas connecté.e depuis un moment sur Teams, je repère rapidement les publications qui me concernent directement en filtrant mes notifications. ;;t;2020-09-16 15:09:50.105754;2020-09-16 15:09:50.105754
86;2;5;3;2;PILPROJ_AVA_FR_9         ;{272,271,274};Nous avons une réunion avec un participant externe qui n'a pas l'application Teams. Il souhaite participer activement à la visioconférence. Je lui conseille d'ouvrir le lien de la réunion via: ;Si je n'ai pas accès à l'application Teams, je peux participer à une réunion Teams et bénéficier de la meilleure expérience vocale et vidéo possible en utilisant les navigateurs Edge, Chrome ou Safari. ;;t;2020-09-16 15:09:50.105754;2020-09-16 15:09:50.105754
87;2;4;1;4;PILPROJ_DEB_FR_13        ;{277,275};Que fait Alex dans la vidéo? ;Dans mes équipes, je crée différents canaux  pour organiser les conversations par sujets, projets et disciplines spécifiques. Par analogie, l'équipe correspond à une maison et les canaux correspondent à plusieurs pièces de la maison. ;/PILPROJ/PILPROJ_DEB_FR/PILPROJ_DEB_FR_13/PILPROJ_DEB_FR_13.mp4;t;2020-09-16 15:09:50.105754;2020-09-16 15:09:50.105754
88;5;5;3;1;MOB_AVA_FR_9             ;{279};À partir de mon mobile, je peux enregistrer un message audio d'une durée maximum de: ;En déplacement, je préfère envoyer des messages audio de moins de 5 min en donnant des informations claires et concises que mes collègues peuvent réécouter plus tard. ;;t;2020-09-16 15:09:50.105754;2020-09-16 15:09:50.105754
89;1;5;3;5;COMM_AVA_FR_10           ;{283,285,284,282};"Je souhaite que mon responsable puisse me joindre à tout moment même quand mon statut est sur '"Ne pas déranger'". Quel est le bon parcours pour gérer l''accès prioritaire? ";Je gère l'accès de mes contacts prioritaires pour qu'ils puissent me contacter à tout moment. ;;t;2020-09-16 15:09:50.105754;2020-09-16 15:09:50.105754
90;5;8;3;2;MOB_AVA_FR_1             ;{288,289,287};Quelles sont les fonctionnalités de conversation disponibles uniquement sur l'application mobile? ;Dans une conversation de groupe, répondre en prenant un message en référence permet à mes interlocuteurs de comprendre à quel message ma réponse fait référence. Il est pertinent de procéder de cette manière quand je veux répondre à un message placé plus haut dans la conversation.;;t;2020-09-16 15:09:50.105754;2020-09-16 15:09:50.105754
91;2;2;3;5;PILPROJ_AVA_FR_7         ;{292,293,291,290};Quel est le bon parcours pour paramétrer les notifications d'un canal?;Pour me tenir à jour de tout ce qui se passe dans mes équipes, je paramètre les notifications des canaux. ;;t;2020-09-16 15:09:50.105754;2020-09-16 15:09:50.105754
92;3;1;3;1;REU_AVA_FR_6             ;{295};J'ai enregistré une réunion Teams avec des clients. Mon client me dit qu'il n'arrive pas à lire l'enregistrement de la réunion. Comment faire? ;"J''accède facilement à Microsoft Stream par le portail '"Office.com.'"";;t;2020-09-16 15:09:50.105754;2020-09-16 15:09:50.105754
93;3;8;3;2;REU_AVA_FR_1             ;{297,300,298,299};Que puis-je partager dans la conversation d'une réunion? ;Je peux partager énormément d'informations ou de fichiers dans une conversation de réunion. ;;t;2020-09-16 15:09:50.105754;2020-09-16 15:09:50.105754
94;5;5;2;1;MOB_INT_FR_10            ;{302};Est-ce que je peux mettre un appel en attente, si je reçois un autre appel au même moment? ;Lorsque j'attends un appel important et que je suis déjà en ligne avec un autre interlocuteur, j'informe ce dernier que je le mets en attente quelques instants et je le reprends dès que possible. ;;t;2020-09-16 15:09:50.105754;2020-09-16 15:09:50.105754
208;4;8;1;1;MNG_DEB_FR_2             ;{651};Je reçois toutes les 2 minutes une notification de mon collègue qui m'indique que notre N+3 vient d'arriver dans nos locaux, que se passe-t-il ? ;"J''utilise les caractères '"Important'" et '"Urgent'" à bon escient ! ";;t;2020-09-16 15:09:50.105754;2020-09-16 15:09:50.105754
96;4;3;3;1;MNG_AVA_FR_11            ;{309};J'organise une réunion avec des personnes spécifiques. Les informations qui y seront partagées sont confidentielles. Comment faire pour bloquer le transfert de la réunion?;Lorsque je dois organiser une réunion avec des informations confidentielles, je peux bloquer le transfert de réunion pour que seuls les participants que j'ai sélectionnés puissent joindre la réunion. ;;t;2020-09-16 15:09:50.105754;2020-09-16 15:09:50.105754
98;3;1;1;1;REU_DEB_FR_5             ;{315};Vrai ou faux? Je peux utiliser l'application Whiteboard de Microsoft pendant une réunion Teams de brainstorming. ;Je peux utiliser le tableau blanc Whiteboard durant les réunions Teams, selon le paramétrage de mon entreprise. ;;t;2020-09-16 15:09:50.105754;2020-09-16 15:09:50.105754
99;3;4;3;1;REU_AVA_FR_13            ;{316};Mon correspondant du Japon a publié un message en japonais dans un canal.... Or je ne parle pas japonais. Comment prendre connaissance de son message? ;La traduction est disponible pour les messages dans les canaux et les conversations. ;;t;2020-09-16 15:09:50.105754;2020-09-16 15:09:50.105754
100;4;3;3;1;MNG_AVA_FR_12            ;{319};Vrai ou faux? Aujourd'hui dans Teams, je peux accéder au calendrier d'une équipe Teams. ;Aujourd'hui je ne peux pas visualiser le calendrier d'une équipe Teams. Suivant le paramétrage mis en place par mon entreprise, je peux éventuellement accéder au Groups Office 365 correspondant à cette équipe, et alors visualiser le calendrier. ;;t;2020-09-16 15:09:50.105754;2020-09-16 15:09:50.105754
101;2;5;2;2;PILPROJ_INT_FR_10        ;{321,323};Comment suis-je informé.e qu'une réunion est lancée dans un canal? ;"Je peux rejoindre une réunion de canal en me rendant dans le canal et en cliquant sur '"Rejoindre'". ";;t;2020-09-16 15:09:50.105754;2020-09-16 15:09:50.105754
102;2;2;1;6;PILPROJ_DEB_FR_7         ;{324};Dans quel onglet puis-je accéder aux notifications et aux événements survenus au sein de mes équipes? ;"Après une longue déconnexion sur Teams, je vais dans l''onglet '"Activités'" et je filtre les notifications sur @ Mentions pour retrouver les publications qui me concernent directement.";;t;2020-09-16 15:09:50.105754;2020-09-16 15:09:50.105754
103;4;3;2;2;MNG_INT_FR_12            ;{328,327,329};Pour être efficace, je conseille aux membres de mon équipe de respecter le cycle de vie des réunions idéales qui est: ;Je partage les bonnes pratiques de réunion aux membres de mon équipe pour que chacun puisse organiser des réunions efficaces. ;;t;2020-09-16 15:09:50.105754;2020-09-16 15:09:50.105754
104;1;1;3;2;COMM_AVA_FR_6            ;{331,330};Sur Teams, comment permettre à mes interlocuteurs d'accéder rapidement à une application tierce?;"Si mon organisation le permet, je peux ajouter une application tierce à Teams. Sinon, je peux ajouter le connecteur '"Site Web'" depuis une conversation/canal et le relier à l''application qui m''intéresse.Dans la mesure du possible, je fais remonter le besoin à mon équipe IT pour que l''application soit intégrée au catalogue de mon organisation !";;t;2020-09-16 15:09:50.105754;2020-09-16 15:09:50.105754
105;5;7;2;2;MOB_INT_FR_3             ;{336,335};Je souhaite travailler sur une présentation simultanément avec mon collègue qui n'est pas sur site. Comment procéder pour que l'on ait la même version? ;Si je dois travailler sur un même fichier avec une personne spécifique, je privilégie le partage de fichiers, plutôt que d'envoyer des versions successives par email.;;t;2020-09-16 15:09:50.105754;2020-09-16 15:09:50.105754
106;2;8;1;3;PILPROJ_DEB_FR_2         ;{337};Que fait Megan dans la vidéo?;Quand j'ajoute une nouvelle personne à une conversation de groupe, je lui partage l'historique de conversation pour qu'elle dispose de toutes les informations sur le projet. ;/PILPROJ/PILPROJ_DEB_FR/PILPROJ_DEB_FR_2/PILPROJ_DEB_FR_2.mp4;t;2020-09-16 15:09:50.105754;2020-09-16 15:09:50.105754
108;1;4;3;2;COMM_AVA_FR_13           ;{344,343};Cochez toutes les affirmations vraies. Les balises…;Par défaut, les mentions individuelles de canal et d'équipe sont disponibles. Pour affiner la communication, je peux créer des mentions personnalisées. Ainsi, je ne notifie qu'une poignée de personnes définies et je ne suis pas obligé.e de notifier tout un canal, une équipe ou individu par individu.;;t;2020-09-16 15:09:50.105754;2020-09-16 15:09:50.105754
109;5;5;2;1;MOB_INT_FR_9             ;{347};Comment faire pour rejoindre une réunion Teams en composant un numéro de téléphone?;Je réserve cet usage pour les cas où je n'ai pas de connexion Internet ou un faible débit internet. En rejoignant une réunion par téléphone, je n'ai pas accès aux vidéos (donc au partage d'écran s'il y en a), seulement à l'audio.;;t;2020-09-16 15:09:50.105754;2020-09-16 15:09:50.105754
110;5;5;1;1;MOB_DEB_FR_10            ;{351};Je suis dans un environnement bruyant (gare, aéroport, usine) mais je veux tout de même suivre la réunion de 17h sur Teams. Que dois-je éviter ?  ;Je peux tout à fait suivre une réunion Teams même dans un environnement bruyant.;;t;2020-09-16 15:09:50.105754;2020-09-16 15:09:50.105754
111;5;7;1;1;MOB_DEB_FR_3             ;{353};Vrai ou faux ? Lorsque j'utilise Teams sur mon mobile, je peux consulter mes équipes et les fichiers associés. ;Je retrouve mon univers Teams partout avec moi, grâce à l'application mobile ! Au-delà des conversations, j'ai accès à mes équipes et aux bibliothèques de fichiers correspondants.;;t;2020-09-16 15:09:50.105754;2020-09-16 15:09:50.105754
112;4;2;2;1;MNG_INT_FR_7             ;{355};Lorsque je regarde l'application Teams sur le PC de mon manager, celle-ci a un fond noir. Mon manager est-il un magicien? ;En allant dans les paramètres de Teams via ma photo de profil, je peux choisir le thème de l'application. ;;t;2020-09-16 15:09:50.105754;2020-09-16 15:09:50.105754
113;3;5;2;2;REU_INT_FR_9             ;{357,358};Je suis en télétravail et je m'apprête à suivre une réunion, mais mon environnement est mal rangé….Comment masquer cette réalité à mes interlocuteurs? ;J'active au maximum ma caméra pendant les réunions, afin de conserver l'attention de tous.;;t;2020-09-16 15:09:50.105754;2020-09-16 15:09:50.105754
114;2;2;2;1;PILPROJ_INT_FR_8         ;{360};"Dans une équipe, on peut avoir un statut de '"Propriétaire'" ou de '"Membre'". Pourquoi est-il conseillé de nommer plusieurs propriétaires dans une équipe? ";Quand je crée une équipe, je nomme directement 2 ou 3 propriétaires qui pourront gérer l'équipe au cas où je m'absente ou je quitte la société. ;;t;2020-09-16 15:09:50.105754;2020-09-16 15:09:50.105754
115;5;5;3;1;MOB_AVA_FR_10            ;{363};Il est 18H, je quitte le bureau. Je reçois un appel Teams d'Alex sur mon mobile. Je souhaite lui montrer le dernier Powerpoint sur lequel j'ai travaillé. Est-ce possible ? ;Depuis l'application mobile, je peux participer activement à une réunion et même partager du contenu. Pratique lorsque je n'ai pas accès à mon PC en déplacement !;;t;2020-09-16 15:09:50.105754;2020-09-16 15:09:50.105754
116;5;2;3;5;MOB_AVA_FR_7             ;{367,366,365,364};Quel est le bon parcours pour paramétrer les heures de réception de mes notifications mobiles?;Je définis les heures de réception des notifications pour réfléter mes heures de travail et pour réserver mes soirées et week-end sans bloquer les notifications .;;t;2020-09-16 15:09:50.105754;2020-09-16 15:09:50.105754
118;3;8;2;1;REU_INT_FR_1             ;{371};"Je lis le message que Paul m''a envoyé mais je n''ai pas le temps d''y répondre de suite; je souhaite le mettre en évidence pour y répondre plus tard. Comment faire? ";Lorsqu'une conversation est marquée comme non lue, une notification reste affichée dans la colonne de gauche de Teams.;;t;2020-09-16 15:09:50.105754;2020-09-16 15:09:50.105754
119;4;5;2;1;MNG_INT_FR_10            ;{374};Je suis en réunion avec mon équipe, Alex m'envoie un message en me disant qu'il vaut mieux l'appeler sur son téléphone personnel car il n'a plus de batterie. Comment faire? ;Si un des membres de mon équipe rencontre des difficultés à se connecter à une réunion, je peux l'appeler sur son téléphone portable depuis la réunion en cours, ainsi tout le monde pourra participer activement à la réunion. ;;t;2020-09-16 15:09:50.105754;2020-09-16 15:09:50.105754
120;4;4;1;1;MNG_DEB_FR_14            ;{379};Deux nouvelles personnes viennent d'arriver dans mon équipe. Je souhaite les ajouter dans une équipe Teams, comment faire? ;Si je constate qu'il manque une personne importante à une équipe, je peux soumettre une demande d'ajout si je ne suis pas Propriétaire d'une équipe, et il ou elle validera par la suite. Si j'ai créé l'équipe, j'ajoute moi-même la personne. ;;t;2020-09-16 15:09:50.105754;2020-09-16 15:09:50.105754
121;2;1;2;1;PILPROJ_INT_FR_5         ;{383};De nouveaux membres vont rejoindre mon équipe projet. Comment faire en sorte que la navigation de l'équipe sur Teams soit intuitive ?;Lorsqu'il s'agit d'accueillir un nouveau membre dans mon équipe projet, pour faciliter son intégration, je peux mettre en place une FAQ, une liste de tâches du nouvel arrivant, une liste de procédures et de liens utiles, etc…et tout ça dans un onglet OneNote. ;;t;2020-09-16 15:09:50.105754;2020-09-16 15:09:50.105754
122;1;1;1;6;COMM_DEB_FR_5            ;{384};Dans une conversation, sur quelle icône dois-je cliquer pour épingler un fichier ou une application? ;Je peux épingler un fichier (Word, Powerpoint, Excel) ou une application tierce à ma conversation pour le retrouver rapidement en un clic. ;;t;2020-09-16 15:09:50.105754;2020-09-16 15:09:50.105754
123;5;4;3;1;MOB_AVA_FR_14            ;{387};Dans mon équipe Teams, nous avons créé 12 canaux. Ils s'affichent tous lorsque je consulte l'équipe sur mon mobile. Comment réduire cette liste ? ;Pour naviguer aisément dans mon interface Teams, je peux moduler facilement l'affichage des canaux sur mobile. ;;t;2020-09-16 15:09:50.105754;2020-09-16 15:09:50.105754
124;3;5;3;6;REU_AVA_FR_10            ;{390};Quelle icône permet de désactiver tous les micros des participants rejoignant une réunion? ;Si nécessaire, je peux désactiver le micro des participants qui rejoignent ma réunion. ;;t;2020-09-16 15:09:50.105754;2020-09-16 15:09:50.105754
125;4;5;1;1;MNG_DEB_FR_10            ;{393};Je veux autoriser mon assistante à passer et recevoir des appels Teams en mon nom. Je peux le faire grâce à la fonctionnalité:;Lorsque je suis en déplacement et que je ne veux pas être dérangé.e sans pour autant rater les appels importants, j'ajoute mon assistante ou une personne de mon équipe en tant que délégué.e, pour qu'elle puisse passer et recevoir des appels en mon nom. ;;t;2020-09-16 15:09:50.105754;2020-09-16 15:09:50.105754
126;1;8;3;2;COMM_AVA_FR_2            ;{398,397};Dans quels cas est-il préférable de créer une conversation Teams plutôt que d'envoyer un email? ;J'utilise le bon outil pour le bon message. Je privilégie Teams pour les échanges rapides et instantanés, j'utilise l'email pour communiquer des informations importantes et officielles. ;;t;2020-09-16 15:09:50.105754;2020-09-16 15:09:50.105754
127;1;4;3;1;COMM_AVA_FR_14           ;{400};Comment obtenir l'adresse email d'un canal pour transférer une note interne à caractère important et officiel? ;Ponctuellement, je peux transférer un email à un canal Teams. Je privilégie Teams pour les échanges rapides et instantanés, et les emails pour communiquer des informations importantes et officielles. ;;t;2020-09-16 15:09:50.105754;2020-09-16 15:09:50.105754
128;5;8;1;7;MOB_DEB_FR_1             ;{403};Depuis l'application mobile, quelle icône permet d'envoyer un message audio?;"En mobilité, j''utilise les messages audio pour échanger rapidement avec mes collègues via l''application mobile. Je maintiens l''icône '"Micro'" appuyée pour enregistrer le message, et je relâche une fois le message terminé, puis j''appuie sur l''icône '"Envoyer'".";;t;2020-09-16 15:09:50.105754;2020-09-16 15:09:50.105754
129;2;8;2;2;PILPROJ_INT_FR_1         ;{405,404,406};Pourquoi il est conseillé de renommer une conversation de groupe? ;Je peux retrouver des interlocuteurs similaires dans mes conversations de groupe. Je nomme toujours mes nouvelles conversations de groupe pour identifier le sujet abordé et le retrouver facilement à partir d'un mot clé. ;;t;2020-09-16 15:09:50.105754;2020-09-16 15:09:50.105754
130;5;3;2;1;MOB_INT_FR_11            ;{410};Il est 13h55, je sors du tramway et je lance ma réunion de 14h sur l'application mobile Teams. J'ai alors accès: ;Quand j'ai un peu de retard à une réunion physique, je me connecte à la réunion depuis l'application mobile et j'avertis mes interlocuteurs que j'arrive bientôt. ;;t;2020-09-16 15:09:50.105754;2020-09-16 15:09:50.105754
131;4;2;1;1;MNG_DEB_FR_8             ;{412};Je suis responsable d'une équipe de 30 personnes et je pars en vacances ce soir. Je publie un message dans l'équipe Teams pour indiquer qui contacter pendant mon absence et pour demander si certains collaborateurs ont besoin de revoir des points avec moi avant mon départ. Ai-je bien fait? ;Mon équipe a ainsi conscience que je suis disponible pour les urgences jusqu'à mon départ. Ils sauront également qui contacter prioritairement pendant mon absence.;;t;2020-09-16 15:09:50.105754;2020-09-16 15:09:50.105754
133;3;8;1;5;REU_DEB_FR_2             ;{420,418,419,417};Je souhaite retrouver facilement la conversation d'une réunion car j'ai besoin de revenir sur des éléments échangés par écrit. Quel est le bon parcours? ;"J''utilise très souvent la fonctionnalité '"Epingler/ Détacher'" pour garder les sujets du moment en tête de liste de mes conversations. ";;t;2020-09-16 15:09:50.105754;2020-09-16 15:09:50.105754
151;1;8;1;1;COMM_DEB_FR_1            ;{476};Comment créer une conversation de groupe ?;"Je peux donner un nom à la conversation de groupe en cliquant sur la flèche pointant vers le bas tout à droite du champ.  
Je préfère créer des conversations de groupe plutôt que des chaînes d''emails interminables !";;t;2020-09-16 15:09:50.105754;2020-09-16 15:09:50.105754
134;4;5;3;2;MNG_AVA_FR_10            ;{423,421,424};Je lance une réunion à la volée depuis une conversation de groupe. En cours d'appel, je peux: ;"Lorsque je crée une réunion rapide depuis une conversation de groupe, je n''ai pas accès aux fonctionnalités avancées des réunions. Si je souhaite enregistrer la réunion, utiliser la fonction '"Lever'" la main, avoir des notes partagées… je dois créer la réunion depuis mon Calendrier. ";;t;2020-09-16 15:09:50.105754;2020-09-16 15:09:50.105754
135;1;7;1;6;COMM_DEB_FR_4            ;{425};Je travaille simultanément avec deux de mes collègues sur un fichier Excel partagé sur Teams. Quelle icône me permet d'échanger directement avec les personnes connectées au document? ;"Si j''ai des informations supplémentaires à apporter à un document, j''ouvre un fil de conversation rattaché au document. Pour cela, j''ouvre le fichier sur Teams, je clique sur '"Conversations'" et je compose mon message en n''oubliant pas de mentionner (@) la personne concernée. De cette manière, mes commentaires restent affiliés au document et je ne risque pas de créer de la confusion.";;t;2020-09-16 15:09:50.105754;2020-09-16 15:09:50.105754
136;2;5;1;3;PILPROJ_DEB_FR_9         ;{428};Que fait Alex dans la vidéo? ;"Si je dois joindre régulièrement des personnes spéficiques à une équipe, je crée un groupe de contacts pour les retrouver facilement dans l''onglet '"Appels'". Cela m''évite de parcourir tout mon historique d''appels. ";/PILPROJ/PILPROJ_DEB_FR/PILPROJ_DEB_FR_9/PILPROJ_DEB_FR_9.mp4;t;2020-09-16 15:09:50.105754;2020-09-16 15:09:50.105754
137;3;2;3;2;REU_AVA_FR_8             ;{431,433};La semaine prochaine, je pars en congés. Mes collègues sauront que je ne pourrai pas assister aux réunions car: ;"Quand je pars en congés, j''informe par chat les personnes avec qui je travaille en permanence. Je modifie mon message de statut et je réponds en sélectionnant '"Refuser'" aux organisateurs de réunions programmées sur ma période de congés. ";;t;2020-09-16 15:09:50.105754;2020-09-16 15:09:50.105754
138;5;7;3;2;MOB_AVA_FR_3             ;{435,436};Je participe à une réunion à distance depuis mon application PC Teams. Mon responsable est en train de partager les résultats trimestriels. Je n'arrive pas très bien à lire les chiffres des graphiques. Comment faire pour obtenir un meilleur aperçu du contenu partagé? ;;;t;2020-09-16 15:09:50.105754;2020-09-16 15:09:50.105754
139;4;4;2;1;MNG_INT_FR_14            ;{438};Vrai ou faux? Je peux mettre un titre à une publication dans un canal. ;Si je ne  mets pas de titre à ma publication dans un canal, c'est comme si j'envoyais un email sans objet !;;t;2020-09-16 15:09:50.105754;2020-09-16 15:09:50.105754
140;2;3;2;1;PILPROJ_INT_FR_12        ;{441};Quelle est la durée de réunion conseillée pour un point de synchronisation hebdomadaire? ;Pour les réunions hebdomadaires avec mon équipe, je détermine un agenda en avance et je privilégie les réunions de 45 minutes pour laisser à tout le monde 15 minutes de battement avant la prochaine réunion. ;;t;2020-09-16 15:09:50.105754;2020-09-16 15:09:50.105754
141;5;8;2;5;MOB_INT_FR_1             ;{444,443,445,442};J'ai appelé notre expert technique pour une intervention d'urgence dans une usine car une machine est tombée en panne. Le site est grand et le technicien n'arrive pas à se repérer. Quel est le bon parcours pour lui partager ma position?;Si je dois intervenir dans un lieu que je ne connais pas ou encore si je tombe en panne en allant à un rendez-vous client, à tout moment, je peux partager ma localisation via l'onglet Conversation de l'application Teams. Pratique pour aider mon interlocuteur à s'orienter!;;t;2020-09-16 15:09:50.105754;2020-09-16 15:09:50.105754
142;2;3;3;5;PILPROJ_AVA_FR_11        ;{448,449,447,446};"Je souhaite planifier une réunion projet avec des interlocuteurs externes. Je veux créer une '"Salle d''attente'" pour valider manuellement leur entrée dans la réunion. Quel est le bon parcours? ";"Quand je planifie une réunion avec l''externe, j''active l''option '"Salle d''attente'" pour valider l''accès à la réunion. ";;t;2020-09-16 15:09:50.105754;2020-09-16 15:09:50.105754
143;4;8;2;5;MNG_INT_FR_2             ;{451,453,450,452};"Un membre de mon équipe a changé de poste et je ne souhaite pas qu''il continue à accéder à notre conversation de groupe '"C''est lundi, un petit café?'". Comment faire ? ";Je peux facilement ajouter ou supprimer des personnes d'une conversation de groupe.;;t;2020-09-16 15:09:50.105754;2020-09-16 15:09:50.105754
144;3;3;3;1;REU_AVA_FR_11            ;{455};Je suis en réunion avec 3 collègues, je projette mon bureau et l'un de mes collègues propose de prendre la main sur mon poste pour nous expliquer un process compliqué. Est-ce possible? ;Je peux donner le contrôle sur mon PC de façon souple, à des collègues qui participent à la même réunion que moi. En donnant le contrôle, je peux identifier la souris de mon collègue facilement car sa photo de profil apparaîtra à côté de sa souris. Je peux aussi reprendre ce contrôle très facilement.;;t;2020-09-16 15:09:50.105754;2020-09-16 15:09:50.105754
145;4;8;3;1;MNG_AVA_FR_1             ;{457};Quand je mentionne une personne, j'aimerais supprimer son nom de famille et ne conserver que son prénom, est-ce possible ? ;Si je ne mentionne pas mes collègues, je prends le risque qu'ils ne lisent pas mon message et donc que je n'obtienne pas de réponse ! ;;t;2020-09-16 15:09:50.105754;2020-09-16 15:09:50.105754
146;4;2;3;5;MNG_AVA_FR_8             ;{461,459,460,458};Grâce à Teams, tous mes échanges sur mes différents projets sont concentrés en une seule application et j'utilise de moins en moins mes emails. Pourtant je reçois encore des notifications d'email sur les activités manquées dans Teams. Quel est le bon parcours pour désactiver ces notifications? ;A partir du moment où j'utilise Teams plusieurs heures par jour, tous les jours, je peux désactiver les notifications par email de Teams.;;t;2020-09-16 15:09:50.105754;2020-09-16 15:09:50.105754
147;4;7;3;1;MNG_AVA_FR_4             ;{463};"En tant que manager d''une équipe de 30 personnes, j''ai créé un canal '"Contenu pour le succès de tous'", où j''encourage mes collaborateurs à publier leurs succès et leurs documents, pour l''information de tous. Est-ce que une bonne pratique? ";Une information transparente et partagée est bénéfique pour tous ! ;;t;2020-09-16 15:09:50.105754;2020-09-16 15:09:50.105754
148;4;3;1;5;MNG_DEB_FR_11            ;{465,466,464};Quel est le bon parcours pour voir qui a accepté ou refusé ma réunion Teams, sans repasser par Outlook?;Je peux visualiser de très nombreuses informations de ma réunion, sans quitter l'application Teams. ;;t;2020-09-16 15:09:50.105754;2020-09-16 15:09:50.105754
149;2;4;1;1;PILPROJ_DEB_FR_14        ;{468};Je souhaite modifier les membres de mon équipe projet. Comment faire? ;En tant que propriétaire d'une équipe, je peux ajouter à tout moment des nouveaux membres ou en supprimer.;;t;2020-09-16 15:09:50.105754;2020-09-16 15:09:50.105754
150;3;4;1;2;REU_DEB_FR_13            ;{473,470,471};Nous allons avoir notre réunion de service dans 2 heures, et 4 de mes collègues sont malades, donc absents….Comment faire pour qu'ils accèdent aux contenus de la réunion? ;L'enregistrement des réunions, s'il est autorisé par l'entreprise, permet aux absents de prendre connaissance de la réunion, ou de revisionner individuellement des moments de cette réunion.;;t;2020-09-16 15:09:50.105754;2020-09-16 15:09:50.105754
152;3;2;2;6;REU_INT_FR_8             ;{478};Quelle action me permet de mettre fin à la réunion pour tous les participants? ;"En tant qu''organisateur.rice de réunion, je peux choisir de '"Quitter'" la réunion mais celle-ci continuera pour les autres participants, ou bien je peux '"Mettre fin à la réunion'" pour tous les participants.  ";;t;2020-09-16 15:09:50.105754;2020-09-16 15:09:50.105754
153;3;3;1;5;REU_DEB_FR_11            ;{482,483,480,481};Quel est le bon parcours pour créer une réunion Teams à partir d'Outlook ? ;Les fonctionnalités habituellement disponibles dans Outlook sont présentes : rendre cette réunion périodique, utiliser l'assistant de planification pour identifier le meilleur créeau horaire pour tous les participants.;;t;2020-09-16 15:09:50.105754;2020-09-16 15:09:50.105754
154;1;4;2;2;COMM_INT_FR_13           ;{486,485,484};Je fais partie de plusieurs équipes sur Teams et j'ai du mal à m'y retrouver. Que puis-je faire pour y mettre de l'ordre ?;Pour maintenir de l'ordre dans Teams, je dois régulièrement épingler/masquer les équipes ou les canaux qui ne sont plus d'actualité.;;t;2020-09-16 15:09:50.105754;2020-09-16 15:09:50.105754
155;1;8;2;3;COMM_INT_FR_2            ;{489};Quel raccourci clavier utilise Megan dans cette vidéo pour insérer des émojis? ;Je peux ajouter du fun à mes messages en insérant des émojis et des Gifs.;/COMM/COMM_INT_FR/COMM_INT_FR_2/COMM_INT_FR_2.mp4;t;2020-09-16 15:09:50.105754;2020-09-16 15:09:50.105754
156;3;1;1;3;REU_DEB_FR_6             ;{492};Dans la vidéo, pendant sa réunion, Daniel peut choisir de partager: ;Pendant une réunion, je préfère partager l'intégralité de mon écran car c'est parfait quand je dois partager plusieurs fenêtres en toute transparence.  Je présente uniquement un fichier Powerpoint quand je dois partager une présentation et faire en sorte que d’autres personnes puissent la parcourir à leur propre rythme.;/REU/REU_DEB_FR/REU_DEB_FR_6/REU_DEB_FR_6.mp4;t;2020-09-16 15:09:50.105754;2020-09-16 15:09:50.105754
157;2;5;1;1;PILPROJ_DEB_FR_10        ;{497};J'ai besoin d'une information urgente de la part de Julie. Mais elle est absente et son message d'absence indique d'appeler son responsable Martin L. Comment trouver le numéro de ce dernier? ;"Quand une nouvelle personne de mon organisation me contacte et que je souhaite savoir à quelle équipe cette personne est rattachée, j''utilise l''onglet '"Organisation'" situé dans notre conversation. ";;t;2020-09-16 15:09:50.105754;2020-09-16 15:09:50.105754
158;1;5;1;6;COMM_DEB_FR_10           ;{500};Lors d'un appel Teams, où dois-je cliquer pour partager mon écran à mes interlocuteurs ?;Quel mode de partage choisir ? Si je dois montrer plusieurs documents à la fois, je choisis le partage de mon bureau. Si j'ai seulement besoin de montrer un seul document, je choisis le partage d'une fenêtre (les participants ne me verront pas changer de fenêtre ou de bureau).;;t;2020-09-16 15:09:50.105754;2020-09-16 15:09:50.105754
159;5;1;2;2;MOB_INT_FR_6             ;{501,502};"Depuis l''application mobile Teams, que puis-je retrouver dans l''onglet '"Plus'" de mes conversations? ";Teams est un véritable hub de collaboration! Je n'ai pas à sortir de Teams pour accéder à toutes mes applications métiers même en mobilité. ;;t;2020-09-16 15:09:50.105754;2020-09-16 15:09:50.105754
160;2;2;3;2;PILPROJ_AVA_FR_8         ;{504,506,507};"A la différence d''un '"Membre'", que peut faire en plus un '"Propriétaire'" de l''équipe? ";"A tout moment, je peux changer le statut d''un '"Membre'" en '"Propriétaire'" pour m''aider à gérer l''équipe. ";;t;2020-09-16 15:09:50.105754;2020-09-16 15:09:50.105754
161;1;7;3;5;COMM_AVA_FR_3            ;{509,510,511,508};Quel est le bon parcours pour partager un fichier de mon OneDrive sur Teams?;En accédant à mes fichiers stockés sur OneDrive directement surTeams,  je reste dans une seule interface et je ne perds pas de temps à naviguer entre différentes fenêtres !;;t;2020-09-16 15:09:50.105754;2020-09-16 15:09:50.105754
162;1;5;2;5;COMM_INT_FR_10           ;{515,514,513,512};"En ce moment je travaille tous les jours avec Megan du département Marketing. Quel est le bon parcours pour ajouter Megan à la liste de '"Numérotation rapide'"? ";"Ajouter un contact à la liste de '"Numérotation rapide'" me permet de le joindre plus rapidement et notamment depuis un téléphone portable. Ils sont accessibles depuis l''onglet  '"Appels'" et sont épinglés au-dessus de mes groupes de contacts. ";;t;2020-09-16 15:09:50.105754;2020-09-16 15:09:50.105754
163;4;2;3;1;MNG_AVA_FR_7             ;{517};J'ai établi la règle suivante dans mon équipe : je demande à mes collègues d'aimer ma publication via le pouce, une fois qu'ils en ont pris connaissance. Est-ce un bon réflexe? ;Au-delà du pouce, de nouveaux boutons sont disponibles pour exprimer mon sentiment face à une publication : Coeur, Rire, Surpris, Triste, Fâché. ;;t;2020-09-16 15:09:50.105754;2020-09-16 15:09:50.105754
164;5;2;1;7;MOB_DEB_FR_7             ;{519};Quel statut privilégier sur Teams, lorsque je suis en rendez-vous client et que je ne veux pas être dérangé.e? ;Je peux modifier manuellement mon statut sur Teams même depuis l'application mobile.;;t;2020-09-16 15:09:50.105754;2020-09-16 15:09:50.105754
165;4;3;2;1;MNG_INT_FR_11            ;{523};J'ai partagé le détail de mon calendrier sur Outlook aux membres de mon équipe pour qu'ils puissent me fixer des rendez-vous plus facilement. Est-ce qu'ils ont la vue de mon Calendrier sur Teams? ;Aujourd'hui, je ne peux pas visualiser directement le calendrier partagé par une autre personne dans Teams. Par contre, en utilisant l'Assistant de planification, j'ai accès aux détails de tous les calendriers partagés avec moi. ;;t;2020-09-16 15:09:50.105754;2020-09-16 15:09:50.105754
166;2;7;3;1;PILPROJ_AVA_FR_3         ;{525};"Quel est le raccourci clavier qui ouvre la section '"Fichiers'" dans Teams? ";"Pour naviguer rapidement sur Teams, j''utilise les raccourcis claviers. J''ai accès à toute la liste depuis mon profil en sélectionnant '"Raccourcis claviers'". ";;t;2020-09-16 15:09:50.105754;2020-09-16 15:09:50.105754
167;1;1;3;5;COMM_AVA_FR_5            ;{529,530,528};Je souhaiter connaître les nouvelles fonctionnalités d'appels dans Teams. Comment y accéder? ;Afin d'optimiser mon usage de Teams et apporter de l'aide à mon équipe, je consulte régulièrement les nouveautés de l'application. Et je partage les nouveautés avec mon équipe !;;t;2020-09-16 15:09:50.105754;2020-09-16 15:09:50.105754
168;1;7;1;6;COMM_DEB_FR_3            ;{533};Dans une conversation de groupe, sur quelle icône dois-je cliquer pour ajouter un fichier? ;Dans une conversation de groupe, je préfère partager des fichiers stockés sur OneDrive pour que tout le monde dispose des versions synchronisées. ;;t;2020-09-16 15:09:50.105754;2020-09-16 15:09:50.105754
169;2;2;1;1;PILPROJ_DEB_FR_8         ;{536};Dans mon flux d'activités (notifications), je retrouve: ;"Je consulte mes notifications depuis l''onglet '"Activités'" et j''utilise les filtres pour retrouver facilement une publication où on me mentionne.";;t;2020-09-16 15:09:50.105754;2020-09-16 15:09:50.105754
188;1;7;2;1;COMM_INT_FR_4            ;{590};Comment permettre à un.e collègue d'accéder à un fichier que j'ai déposé sur Teams ?;Je garde à l'esprit que si le fichier fait partie d'une équipe privée et que mon contact n'en est pas membre, il.elle ne pourra pas y accéder.;;t;2020-09-16 15:09:50.105754;2020-09-16 15:09:50.105754
170;1;5;2;1;COMM_INT_FR_9            ;{538};Je suis en ligne avec mon responsable, en cours d'appel nous souhaitons ajouter Alex à la conversation. Comment faire? ;"Si j''ai besoin d''un avis d''une personne supplémentaire en cours d''appel, je vérifie que la personne est disponible via son statut et j''utilise la fonctionnalité '"Ajouter des participants'" pour l''inviter à rejoindre l''appel. ";;t;2020-09-16 15:09:50.105754;2020-09-16 15:09:50.105754
171;3;2;2;1;REU_INT_FR_7             ;{542};Vrai ou faux? Lorsque je crée une réunion sur Teams, je peux définir un statut des participants à la réunion : Obligatoire/Facultatif.;Je n'hésite pas à définir certains invités à ma réunion comme Facultatifs, s'ils ne sont pas indispensables à cette réunion.;;t;2020-09-16 15:09:50.105754;2020-09-16 15:09:50.105754
172;1;4;1;6;COMM_DEB_FR_14           ;{544};Pour répondre à une publication dans une équipe, je clique sur: ;"Pour réagir à une nouvelle publication, je clique sur '"Répondre'" pour ajouter un commentaire. Ainsi, mes collègues peuvent retrouver facilement le fil de discussion de la publication. 
Je ne démarre une nouvelle conversation que si cela est nécessaire. ";;t;2020-09-16 15:09:50.105754;2020-09-16 15:09:50.105754
173;4;5;1;5;MNG_DEB_FR_9             ;{548,547,546};Lors d'une réunion, tous les participants activent leurs caméras. Alex coordonne la réunion, quel est le bon parcours pour le voir en grand dans la fenêtre de la vidéo?;Je peux ainsi décider quel flux je veux regarder en grand : le document qui est présenté ou l'un des participants à la réunion. ;;t;2020-09-16 15:09:50.105754;2020-09-16 15:09:50.105754
174;1;2;1;5;COMM_DEB_FR_8            ;{549,552,551,550};Quel est le bon parcours pour paramétrer mes notifications? ;Pour ne pas être notifié.e pour des activités qui ne m'intéressent pas, je paramètre mes notifications ! Si j'utilise rarement Teams, je préfère être notifié.e par e-mail. Au contraire, si j'utilise quotidiennement Teams, je préfère recevoir des fenêtres de notifications sur mon ordinateur.;;t;2020-09-16 15:09:50.105754;2020-09-16 15:09:50.105754
175;4;7;1;1;MNG_DEB_FR_3             ;{554};En tant que responsable d'équipe, je suis la seule personne à avoir reçu un email important comportant la politique de congés d'été. Je souhaite le transmettre à mon équipe. Comment faire? ;"Si j''ai reçu un email important, je peux le transférer directement à un canal et permettre aux autres membres de réagir dessus.  Je vais sur le canal, je clique droit et je sélectionne '"Obtenir l''adresse email'". Je peux ensuite @mentionner le canal, pour m''assurer que tout le monde lira l''information !";;t;2020-09-16 15:09:50.105754;2020-09-16 15:09:50.105754
176;5;1;1;3;MOB_DEB_FR_5             ;{557};Depuis l'application mobile, quel onglet me permet d'accéder aux messages et publications enregistrés?;Même en déplacement, je peux accéder rapidement à mes messages et publications enregistrés. C'est pratique car je n'ai pas besoin de revenir sur mon PC pour les retrouver. ;/MOB/MOB_DEB_FR/MOB_DEB_FR_5/MOB_DEB_FR_5.mp4;t;2020-09-16 15:09:50.105754;2020-09-16 15:09:50.105754
177;5;4;1;7;MOB_DEB_FR_14            ;{559};Depuis l'application mobile Teams,  quel bouton me permet de créer une nouvelle publication dans un canal? ;Je continue à interagir avec mes collègues, d'où je veux et quand je veux, grâce à l'application Teams sur mobile.;;t;2020-09-16 15:09:50.105754;2020-09-16 15:09:50.105754
178;4;1;2;1;MNG_INT_FR_5             ;{563};Je souhaite annoncer l'arrivée d'une nouvelle personne dans mon équipe. Quelle est la bonne pratique ? ;Via des gifs ou des émojis, l'accueil de cette nouvelle personne sera plus chaleureux ! ;;t;2020-09-16 15:09:50.105754;2020-09-16 15:09:50.105754
179;4;7;2;1;MNG_INT_FR_3             ;{565};Vrai ou faux? Mon équipe va gagner en efficacité et en qualité si nous co-éditons une seule et même version d'un document. ;Teams permet la co-édition sur des fichiers Word, Excel, Powerpoint. Il n'y aura plus d’erreurs de versions de documents, de réconciliations, de modifications !;;t;2020-09-16 15:09:50.105754;2020-09-16 15:09:50.105754
180;2;3;3;2;PILPROJ_AVA_FR_12        ;{568,567,566};J'ai deux réunions planifiées simultanément dans mon agenda. Comment décider à laquelle je vais assister? ;"Lorsque je crée une réunion, je précise toujours si la présence des participants est obligatoire ou facultative et j''inclus toujours un ordre du jour clair et détaillé. 
Il m''arrive d''avoir 2 à 3 réunions simultanées et comme je ne peux me dédoubler, ces deux éléments permettent de prioriser une réunion par rapport à une autre. ";;t;2020-09-16 15:09:50.105754;2020-09-16 15:09:50.105754
181;1;2;2;1;COMM_INT_FR_8            ;{571};Quelle fonctionnalité permet de m'avertir quand mon interlocuteur.rice sera de nouveau disponible? ;"Je ne sollicite pas mon interlocuteur.rice, lorsque son statut est sur '"Ne pas déranger'" ou'"En présentation'". Je sélectionne plutôt l''action '"M''avertir lorsque le statut devient disponible'" comme cela je le.la solliciterai au bon moment. ";;t;2020-09-16 15:09:50.105754;2020-09-16 15:09:50.105754
182;5;6;2;1;MOB_INT_FR_8             ;{574};Vrai ou faux? Je peux modifier l'ordre des boutons en bas de l'application Teams sur mobile.;Ce qui est top dans Teams c'est que je peux le personnaliser à mon image ! Je peux modifier l'ordre des onglets, ajouter mes applications métiers et choisir la couleur de l'interface ! ;;t;2020-09-16 15:09:50.105754;2020-09-16 15:09:50.105754
183;5;3;3;1;MOB_AVA_FR_11            ;{576};Si je crée une réunion Teams depuis mon calendrier Outlook, apparaîtra-t-elle dans mon calendrier Teams? ;;;t;2020-09-16 15:09:50.105754;2020-09-16 15:09:50.105754
184;5;2;3;5;MOB_AVA_FR_8             ;{578,577,579};Je souhaite paramétrer l'affichage de l'application Teams pour qu'elle me fatigue moins les yeux sur mobile. Quel est le bon parcours pour le faire? ;;;t;2020-09-16 15:09:50.105754;2020-09-16 15:09:50.105754
185;3;1;3;1;REU_AVA_FR_5             ;{581};"Vrai ou faux? Utiliser l''outil '"Planificateur'" pour faire du suivi d''actions d''une réunion à l''autre est pertinent. ";"L''application '"Planificateur'" peut être épinglée à un canal et ainsi permettre un suivi dynamique des actions des équipes. ";;t;2020-09-16 15:09:50.105754;2020-09-16 15:09:50.105754
187;2;1;3;5;PILPROJ_AVA_FR_6         ;{588,589,587,586};J'utilise plusieurs Planificateurs appartenant à diverses équipes/canaux. Quel est le bon parcours pour retrouver toutes mes tâches en un seul endroit ?;"Pour retrouver toutes mes tâches en un seul endroit, je dispose d''un affichage personnel sans avoir à quitter Teams: Je clique sur l''onglet '" ...'" dans le menu de navigation à gauche, puis je recherche '"Planificateur'" et je l''ouvre. Je fais un clic droit sur ce nouvel onglet pour accéder à l''option '"Epingler'". Ainsi, je peux accéder rapidement à toutes mes tâches affectées depuis plusieurs Planificateurs. ";;t;2020-09-16 15:09:50.105754;2020-09-16 15:09:50.105754
189;3;7;2;1;REU_INT_FR_3             ;{595};Comment faire au mieux pour partager un document avant ma réunion? ;"Le mieux est de partager le support depuis mon OneDrive dans la conversation de la réunion: ainsi, tous les échanges ayant trait à cette réunion sont centralisés.
De plus, grâce à la synchronisation de OneDrive et Teams, même mes toutes dernières modifications apportées au document seront visibles des participants. ";;t;2020-09-16 15:09:50.105754;2020-09-16 15:09:50.105754
190;4;8;2;1;MNG_INT_FR_1             ;{596};Vrai ou faux? Je peux supprimer l'historique d'une conversation.;"Je ne peux pas supprimer l''historique d''une conversation, je peux éventuellement modifier les messages que j''avais postés dans cette conversation.Si je ne souhaite plus visualiser cette conversation, je peux la masquer en positionnant ma souris sur la conversation, puis en cliquant sur Plus d''options '"...'" et sur '"Masquer'".";;t;2020-09-16 15:09:50.105754;2020-09-16 15:09:50.105754
191;1;3;3;1;COMM_AVA_FR_11           ;{600};Un responsable a partagé un lien important dans le fil de conversation de la réunion d'hier. Il serait pertinent de partager ce lien à un autre collègue. Comment retrouver ce lien et lui partager? ;Si on me partage une information importante que je souhaite traiter plus tard, j'enregistre le message pour le retrouver facilement plus tard. ;;t;2020-09-16 15:09:50.105754;2020-09-16 15:09:50.105754
192;5;1;2;1;MOB_INT_FR_5             ;{602};"Je suis en déplacement professionnel et je souhaite accéder à la chaîne Stream épinglée dans le canal '"Veille et formations'" de mon équipe Teams. Puis-je le faire depuis l''application mobile Teams? ";;;t;2020-09-16 15:09:50.105754;2020-09-16 15:09:50.105754
193;3;2;3;5;REU_AVA_FR_7             ;{605,604,603};Je viens de brancher mon casque pour participer à une réunion. Mais le son sort de mon PC. Quel est le bon parcours pour régler ce problème? ;;;t;2020-09-16 15:09:50.105754;2020-09-16 15:09:50.105754
194;5;1;3;5;MOB_AVA_FR_6             ;{608,606,607,609};Je suis dans la rue avec mon téléphone et je vois une publicité intéressante que je veux partager à Alex, notre graphiste. Quel est le bon parcours ? ;;;t;2020-09-16 15:09:50.105754;2020-09-16 15:09:50.105754
195;2;7;3;1;PILPROJ_AVA_FR_4         ;{612};Je souhaite rationnaliser le nombre de canaux dans mon équipe. En supprimant un canal:;Pour bien suivre mes projets, j'évite de créer plus de 10 canaux dans mes équipes pour ne pas polluer mes membres et structurer les discussions. ;;t;2020-09-16 15:09:50.105754;2020-09-16 15:09:50.105754
196;5;8;2;2;MOB_INT_FR_2             ;{615,614};Ma collègue semble indisponible et ne répond pas à mon message. Je souhaite la relancer, que puis-je faire ?;Quand un.e de mes collègues n'est pas disponible tout de suite, si le sujet n'est pas urgent, j'attends patiemment qu'il.elle me réponde et je ne lui envoie pas d'e-mail – je risque de le.la noyer sous les notifications. Je pourrai le.la relancer lorsqu'il.elle sera de nouveau disponible (pastille verte).;;t;2020-09-16 15:09:50.105754;2020-09-16 15:09:50.105754
198;3;5;3;5;REU_AVA_FR_9             ;{623,622,621,620};Lors d'une présentation, je dois lancer une vidéo. Quel est le bon parcours pour que les participants entendent le son de ma vidéo à travers le partage d'écran ?;Je peux également coller le lien de la vidéo dans le chat de la réunion, pour consultation ultérieure par les participants.;;t;2020-09-16 15:09:50.105754;2020-09-16 15:09:50.105754
199;1;4;1;1;COMM_DEB_FR_13           ;{625};J'écris une longue publication dans un canal et je souhaite revenir à la ligne. Quelle est l'astuce? ;J'essaie de rendre mes publications agréables à lire pour mes collègues.;;t;2020-09-16 15:09:50.105754;2020-09-16 15:09:50.105754
200;4;7;2;1;MNG_INT_FR_4             ;{628};J'ai réorganisé mon équipe Teams en supprimant des canaux. Un membre de mon équipe me demande où il peut accéder aux fichiers des canaux supprimés. Je lui dis: ;"Lorsqu''une de mes équipes n''est plus active, je l''archive pour m''en servir de référence et pour pouvoir la réactiver si besoin. Pour que les membres de cette équipe puissent continuer à accéder aux fichiers, je coche la fonction '"Autoriser l''accès du site SharePoint en lecture seule pour les membres de l''équipe'". ";;t;2020-09-16 15:09:50.105754;2020-09-16 15:09:50.105754
201;2;1;1;6;PILPROJ_DEB_FR_5         ;{632};Je souhaite suivre l'avancement d'un projet en attribuant des tâches aux membres de l'équipe. On m'a conseillé d'utiliser Planificateur. Quelle icône correspond à Planificateur? ;Pour suivre l'avancement d'un projet, j'utilise l'application Planificateur que je peux épingler à mon canal. Je peux affecter des tâches à des personnes spécifiques et ajouter des dates limites d'exécution. Cela me permet de suivre l'avancement du projet en un seul endroit !;;t;2020-09-16 15:09:50.105754;2020-09-16 15:09:50.105754
202;1;5;1;6;COMM_DEB_FR_9            ;{633};Dans quel onglet puis-je retrouver mon historique d'appels et ma messagerie vocale? ;Pour ne pas manquer des appels, je peux installer Teams sur mon téléphone portable professionnel ou personnel en fonction des règles définies par ma société. ;;t;2020-09-16 15:09:50.105754;2020-09-16 15:09:50.105754
203;5;8;1;1;MOB_DEB_FR_2             ;{637};Vrai ou faux? Je peux épingler une conversation d'un canal pour la retrouver rapidement sur l'application mobile.;"Je retrouve facilement mes canaux favoris sur mobile en les épinglant. J''ouvre le canal, je clique sur l''icône '"…'" en haut à droite et je sélectionne '"Epingler le canal'". ";;t;2020-09-16 15:09:50.105754;2020-09-16 15:09:50.105754
204;3;8;1;2;REU_DEB_FR_1             ;{640,639,641};A quoi sert la conversation associée à chaque nouvelle réunion créée? ;Je n'hésite pas à utiliser la conversation de la réunion avant, pendant et après la réunion. Je peux également partager des documents.;;t;2020-09-16 15:09:50.105754;2020-09-16 15:09:50.105754
205;3;4;2;1;REU_INT_FR_13            ;{642};Je souhaite modifier une publication que j'ai écrite car j'ai indiqué un taux de renouvellement de 70% alors qu'il est en ce moment de 80 % : comment faire? ;Je peux modifier facilement une petite erreur dans une publication. ;;t;2020-09-16 15:09:50.105754;2020-09-16 15:09:50.105754
206;1;3;1;3;COMM_DEB_FR_11           ;{645};Que fait Megan dans cette vidéo? ;"Dans Teams, je paramètre la vue de mon calendrier sur '"Jour'" pour avoir une vue d''ensemble sur mon agenda du jour. ";/COMM/COMM_DEB_FR/COMM_DEB_FR_11/COMM_DEB_FR_11.mp4;t;2020-09-16 15:09:50.105754;2020-09-16 15:09:50.105754
207;5;6;2;2;MOB_INT_FR_7             ;{650,649};Je ne serai pas disponible tout l'après-midi et je souhaite rediriger mes contacts, quelqu'ils soient, vers Julie. Comment faire?;"En déplacement ou en congé, j''ajoute dans mon message de statut la personne à contacter durant mon absence. Je coche toujours la case '"Afficher lorsque des personnes m''envoient un message'" pour informer mes interlocuteurs. ";;t;2020-09-16 15:09:50.105754;2020-09-16 15:09:50.105754
209;5;4;2;1;MOB_INT_FR_14            ;{655};Puis-je créer une équipe Teams directement depuis mon application mobile, pour commencer à travailler sur le nouveau projet Motus? ;Je suis libre de créer des équipes Teams depuis l'application mobile, la version web ou l'application PC. ;;t;2020-09-16 15:09:50.105754;2020-09-16 15:09:50.105754
210;3;8;2;2;REU_INT_FR_2             ;{659,656,657};Quels types de conversations puis-je épingler en haut de ma liste de conversations?;"Pour bien organiser mon onglet '"Conversation'", j''épingle mes conversations favorites en haut de mon interface. Je peux épingler: les conversations de réunions, les conversations de groupe et les conversations privées (1:1). ";;t;2020-09-16 15:09:50.105754;2020-09-16 15:09:50.105754
