348;110;De ne pas utiliser un casque ou des écouteurs pour mieux entendre et être mieux entendu.e.;;2;t;2020-09-16 15:09:50.105754;2020-09-16 15:09:50.105754
349;110;D'activer ma caméra.;;3;t;2020-09-16 15:09:50.105754;2020-09-16 15:09:50.105754
1;1;"Je sélectionne '"Copier le lien'".";;4;t;2020-09-16 15:09:50.105754;2020-09-16 15:09:50.105754
2;1;"Je sélectionne le fichier en question et je clique sur '"...'"";;1;t;2020-09-16 15:09:50.105754;2020-09-16 15:09:50.105754
10;3;Je peux prendre une photo directement depuis l'application Teams !;;1;t;2020-09-16 15:09:50.105754;2020-09-16 15:09:50.105754
350;110;D'activer mon micro lorsque je ne parle pas.;;1;t;2020-09-16 15:09:50.105754;2020-09-16 15:09:50.105754
351;110;De jouer avec mes clés pendant la réunion.;;4;t;2020-09-16 15:09:50.105754;2020-09-16 15:09:50.105754
660;64;Créer un planning Shifts dans son équipe Teams et demander à chacun d'y adresser leurs demandes de congés.;;4;t;2021-04-12 08:05:34.144826;2021-04-12 08:05:34.144826
257;82;"J''accède au dossier '"Enregsitrements'" depuis le site SharePoint de l''équipe";;3;t;2020-09-16 15:09:50.105754;2020-09-16 15:09:50.105754
619;197;Pour commencer, je vais dans le canal de l'équipe en question.;;4;f;2020-09-16 15:09:50.105754;2020-09-16 15:09:50.105754
618;197;Je n'ai plus qu'à compléter les détails de la réunion que je vais créer. ;;1;f;2020-09-16 15:09:50.105754;2020-09-16 15:09:50.105754
617;197;"Je me place sur '"Répondre'" à la fin d''une publication.";;3;f;2020-09-16 15:09:50.105754;2020-09-16 15:09:50.105754
616;197;"Je clique ensuite sur l''icône '"Planifier une réunion'".";;2;f;2020-09-16 15:09:50.105754;2020-09-16 15:09:50.105754
664;212;Planifier autant de réunions que de groupes de travail.;;1;t;2021-04-12 13:47:19.207173;2021-04-12 13:47:19.207173
665;212;Organiser des breakout rooms.;;2;t;2021-04-12 13:47:19.207173;2021-04-12 13:47:19.207173
666;212;Cette fonctionnalité n'est pas disponible.;;3;t;2021-04-12 13:47:19.207173;2021-04-12 13:47:19.207173
667;213;5 salles.;;1;t;2021-04-12 14:02:19.737505;2021-04-12 14:02:19.737505
668;213;15 salles.;;2;t;2021-04-12 14:02:19.737505;2021-04-12 14:02:19.737505
669;213;50 salles.;;3;t;2021-04-12 14:02:19.737505;2021-04-12 14:02:19.737505
670;214;Je pose ma question dans le chat.;;1;t;2021-04-12 14:16:27.373735;2021-04-12 14:16:27.373735
671;214;Je prends la parole et coupe mes interlocuteurs.;;2;t;2021-04-12 14:16:27.373735;2021-04-12 14:16:27.373735
672;214;J'utilise la fonctionnalité réaction.;;3;t;2021-04-12 14:16:27.373735;2021-04-12 14:16:27.373735
673;214;Je lève la main.;;4;t;2021-04-12 14:16:27.373735;2021-04-12 14:16:27.373735
674;215;Je rejoins la réunion en m'assurant de ne pas faire de bruit.;;1;t;2021-04-12 14:29:01.019109;2021-04-12 14:29:01.019109
675;215;je désactive mon micro avant de rejoindre la réunion grâce à la fenêtre des paramètres.;;2;t;2021-04-12 14:29:01.019109;2021-04-12 14:29:01.019109
676;215;Je coupe mon micro une fois connecté à la réunion.;;3;t;2021-04-12 14:29:01.019109;2021-04-12 14:29:01.019109
663;211;Poser une question dans le chat.;/REU/REU_AVA_FR/REU_AVA_FR_15/C.png;3;t;2021-04-12 12:28:17.257123;2021-04-12 12:28:17.257123
662;211;"Voter avec la fonctionnalité '"lever la main'".";/REU/REU_AVA_FR/REU_AVA_FR_15/B.png;2;t;2021-04-12 12:28:17.257123;2021-04-12 12:28:17.257123
661;211;Utiliser une application directement dans la conversation de la réunion.;/REU/REU_AVA_FR/REU_AVA_FR_15/A.png;1;t;2021-04-12 12:28:17.257123;2021-04-12 12:28:17.257123
3;1;Je vais dans ma conversation avec Bruno, et je colle le lien copié.;;3;t;2020-09-16 15:09:50.105754;2020-09-16 15:09:50.105754
4;1;Tout d'abord, je vais dans l'équipe Teams où se trouve le fichier.;;2;t;2020-09-16 15:09:50.105754;2020-09-16 15:09:50.105754
8;3;J'utilise l'appareil photo de mon mobile et je lui partage par email.;;2;t;2020-09-16 15:09:50.105754;2020-09-16 15:09:50.105754
9;3;J'utilise l'appareil photo de mon mobile, je la télécharge sur mon PC et je lui partage sur Teams.;;3;t;2020-09-16 15:09:50.105754;2020-09-16 15:09:50.105754
11;4;"J''utilise l''icône '"Important'" disponible dans les conversations et les canaux de Teams";;2;t;2020-09-16 15:09:50.105754;2020-09-16 15:09:50.105754
71;23;Je leur partage le lien direct vers l'équipe.;;3;t;2020-09-16 15:09:50.105754;2020-09-16 15:09:50.105754
12;4;Je crée une réunion pour m'assurer que tous ont bien reçu l'information importante ! ;;3;t;2020-09-16 15:09:50.105754;2020-09-16 15:09:50.105754
13;4;Je double mon message Teams d'un email : on n'est jamais trop prudent….;;1;t;2020-09-16 15:09:50.105754;2020-09-16 15:09:50.105754
14;5;C'est possible, nous verrons les positions de chacun dans le fichier via des couleurs.;;1;t;2020-09-16 15:09:50.105754;2020-09-16 15:09:50.105754
15;5;Ce n'est pas possible, la co-édition ne fonctionne pas lorsque l'on est en réunion.;;2;t;2020-09-16 15:09:50.105754;2020-09-16 15:09:50.105754
16;6;"Enfin, je définis la fréquence des '"Courriers concernant les activités manquées'". ";;4;t;2020-09-16 15:09:50.105754;2020-09-16 15:09:50.105754
17;6;Je commence par cliquer sur mon profil.;;2;t;2020-09-16 15:09:50.105754;2020-09-16 15:09:50.105754
18;6;"Je vais dans '"Notifications'".";;3;t;2020-09-16 15:09:50.105754;2020-09-16 15:09:50.105754
19;6;"Je vais dans '"Paramètres'".";;1;t;2020-09-16 15:09:50.105754;2020-09-16 15:09:50.105754
20;7;Enfin, je sélectionne la version que je souhaite récupérer dans la fenêtre de droite. ;;4;t;2020-09-16 15:09:50.105754;2020-09-16 15:09:50.105754
21;7;"Je clique sur '"Historique des versions'". ";;2;t;2020-09-16 15:09:50.105754;2020-09-16 15:09:50.105754
22;7;"Pour commencer, je vais dans l''onglet '"Fichiers'" et j''ouvre le document dans l''application.";;3;t;2020-09-16 15:09:50.105754;2020-09-16 15:09:50.105754
23;7;Une fois le document ouvert, je clique sur le nom du document en haut de l'interface.;;1;t;2020-09-16 15:09:50.105754;2020-09-16 15:09:50.105754
216;69;Oui bien sûr !;;1;t;2020-09-16 15:09:50.105754;2020-09-16 15:09:50.105754
24;8;"Je reçois les notifications des messages marqués comme '"Important'".";;3;t;2020-09-16 15:09:50.105754;2020-09-16 15:09:50.105754
25;8;Je reçois uniquement les notifications d'appels et de messages des personnes de ma liste de contacts prioritaires.;;1;t;2020-09-16 15:09:50.105754;2020-09-16 15:09:50.105754
26;8;Mes appels entrants sont basculés automatiquement sur ma messagerie vocale.;;2;t;2020-09-16 15:09:50.105754;2020-09-16 15:09:50.105754
27;8;Réponse D. ;;4;t;2020-09-16 15:09:50.105754;2020-09-16 15:09:50.105754
28;9;Un nouveau dossier.;;3;t;2020-09-16 15:09:50.105754;2020-09-16 15:09:50.105754
298;93;Un GIF;;3;t;2020-09-16 15:09:50.105754;2020-09-16 15:09:50.105754
29;9;Un nouveau fichier.;;1;t;2020-09-16 15:09:50.105754;2020-09-16 15:09:50.105754
30;9;Une nouvelle image/vidéo.;;2;t;2020-09-16 15:09:50.105754;2020-09-16 15:09:50.105754
31;10;"J''épingle le site web de la formation à notre canal '"Veille et formation'".";;1;t;2020-09-16 15:09:50.105754;2020-09-16 15:09:50.105754
32;10;Je poste le lien de la formation, sans titre, sans plus d'information, sans @mentionner le canal.;;3;t;2020-09-16 15:09:50.105754;2020-09-16 15:09:50.105754
33;10;Je publie ensuite un message avec un titre, des informations complémentaires et je mentionne le canal, afin de bien informer mes collègues.;;2;t;2020-09-16 15:09:50.105754;2020-09-16 15:09:50.105754
34;11;J'ajoute un commentaire en le @mentionnant sur la cellule concernée du fichier. ;;1;t;2020-09-16 15:09:50.105754;2020-09-16 15:09:50.105754
35;11;Je lui écris dans la conversation de groupe de l'équipe. ;;2;t;2020-09-16 15:09:50.105754;2020-09-16 15:09:50.105754
36;11;Je lui envoie un email avec une capture écran du fichier Excel.;;3;t;2020-09-16 15:09:50.105754;2020-09-16 15:09:50.105754
37;12;Excel;;4;t;2020-09-16 15:09:50.105754;2020-09-16 15:09:50.105754
38;12;OneNote;;2;t;2020-09-16 15:09:50.105754;2020-09-16 15:09:50.105754
39;12;Word;;1;t;2020-09-16 15:09:50.105754;2020-09-16 15:09:50.105754
40;12;Yammer;;3;t;2020-09-16 15:09:50.105754;2020-09-16 15:09:50.105754
41;13;Ce n'est pas possible. ;;2;t;2020-09-16 15:09:50.105754;2020-09-16 15:09:50.105754
437;139;Faux;;2;t;2020-09-16 15:09:50.105754;2020-09-16 15:09:50.105754
42;13;"En cliquant sur '"Afficher toutes les équipes'" en bas de la liste, et en désactivant certaines équipes.";;1;t;2020-09-16 15:09:50.105754;2020-09-16 15:09:50.105754
43;13;En cliquant sur la roue crantée à droite de la liste des équipes.;;3;t;2020-09-16 15:09:50.105754;2020-09-16 15:09:50.105754
44;14;"En allant dans l''onglet '"Appels'".";;3;t;2020-09-16 15:09:50.105754;2020-09-16 15:09:50.105754
45;14;En cliquant sur la réunion depuis son calendrier Outlook.;;1;t;2020-09-16 15:09:50.105754;2020-09-16 15:09:50.105754
46;14;En cliquant sur la réunion depuis son calendrier Teams.;;2;t;2020-09-16 15:09:50.105754;2020-09-16 15:09:50.105754
47;15;"D''abord, j''appuie sur '"…'" dans la barre d''icônes en bas de l''interface.";;2;t;2020-09-16 15:09:50.105754;2020-09-16 15:09:50.105754
48;15;J'accède ainsi à mon OneDrive ou aux fichiers que j'ai récemment consultés sur Teams.;;3;t;2020-09-16 15:09:50.105754;2020-09-16 15:09:50.105754
49;15;"J''appuie ensuite sur '"Fichiers'".";;1;t;2020-09-16 15:09:50.105754;2020-09-16 15:09:50.105754
50;16;"J''utilise la fonctionnalité '"Répondre par un message instantané'" dans Outlook pour répondre sur Teams. ";;3;t;2020-09-16 15:09:50.105754;2020-09-16 15:09:50.105754
51;16;Je crée une conversation de groupe à propos de l'email reçu.;;2;t;2020-09-16 15:09:50.105754;2020-09-16 15:09:50.105754
52;16;Je crée une équipe.;;1;t;2020-09-16 15:09:50.105754;2020-09-16 15:09:50.105754
53;17;Faux;;2;t;2020-09-16 15:09:50.105754;2020-09-16 15:09:50.105754
54;17;Vrai;;1;t;2020-09-16 15:09:50.105754;2020-09-16 15:09:50.105754
78;25;"Enfin, je clique sur '"Télécharger la liste d''assiduité'".";;3;t;2020-09-16 15:09:50.105754;2020-09-16 15:09:50.105754
92;29;Oui car je peux inviter jusqu'à 300 personnes dans une réunion Teams.;;1;t;2020-09-16 15:09:50.105754;2020-09-16 15:09:50.105754
55;18;"J''utilise la fonctionnalité '"Praise/ Féliciter'" dans notre équipe Teams ainsi les autres membres de l''équipe pourront réagir directement à ma publication. ";;2;t;2020-09-16 15:09:50.105754;2020-09-16 15:09:50.105754
56;18;Je le félicite par email avec tous les autres membres de l'équipe en copie.;;1;t;2020-09-16 15:09:50.105754;2020-09-16 15:09:50.105754
57;19;Faux;;2;t;2020-09-16 15:09:50.105754;2020-09-16 15:09:50.105754
58;19;Vrai;;1;t;2020-09-16 15:09:50.105754;2020-09-16 15:09:50.105754
59;20;"'"Modifier dans Teams'"";;1;t;2020-09-16 15:09:50.105754;2020-09-16 15:09:50.105754
60;20;"'"Ouvrir dans Excel Online'"";;2;t;2020-09-16 15:09:50.105754;2020-09-16 15:09:50.105754
61;20;"'"Ouvrir dans Excel'"";;3;t;2020-09-16 15:09:50.105754;2020-09-16 15:09:50.105754
62;20;"'"Télécharger'"";;4;t;2020-09-16 15:09:50.105754;2020-09-16 15:09:50.105754
63;21;Enfin, je choisis les canaux dans lesquels je veux publier mon information.;;3;t;2020-09-16 15:09:50.105754;2020-09-16 15:09:50.105754
64;21;"Je clique ensuite sur l''icône '"Format'" pour mettre en forme ma nouvelle publication.";;2;t;2020-09-16 15:09:50.105754;2020-09-16 15:09:50.105754
65;21;"Je clique sur le bouton '"Publier dans plusieurs canaux'".";;1;t;2020-09-16 15:09:50.105754;2020-09-16 15:09:50.105754
66;21;Tout d'abord, je crée une nouvelle publication dans un canal.;;4;t;2020-09-16 15:09:50.105754;2020-09-16 15:09:50.105754
67;22;Faux;;2;t;2020-09-16 15:09:50.105754;2020-09-16 15:09:50.105754
68;22;Vrai;;1;t;2020-09-16 15:09:50.105754;2020-09-16 15:09:50.105754
69;23; Je prends une capture écran de l'équipe et je leur envoie par chat.;;2;t;2020-09-16 15:09:50.105754;2020-09-16 15:09:50.105754
70;23;Je les mentionne dans une nouvelle publication de l'équipe.;;1;t;2020-09-16 15:09:50.105754;2020-09-16 15:09:50.105754
72;23;Je leur partage le nom de l'équipe pour qu'ils le retrouvent depuis la barre de recherche. ;;4;t;2020-09-16 15:09:50.105754;2020-09-16 15:09:50.105754
73;24;J'informe mes collègues oralement que j'ai déposé un nouveau fichier.;;1;t;2020-09-16 15:09:50.105754;2020-09-16 15:09:50.105754
74;24;Je poste un message dans le une conversation de groupe.;;3;t;2020-09-16 15:09:50.105754;2020-09-16 15:09:50.105754
75;24;Je poste une publication contenant le lien du fichier et je mentionne le canal.;;2;t;2020-09-16 15:09:50.105754;2020-09-16 15:09:50.105754
76;25;D'abord, je démarre la réunion depuis mon calendrier Teams.;;2;t;2020-09-16 15:09:50.105754;2020-09-16 15:09:50.105754
77;25;"Je clique sur '"Afficher les participants'". ";;1;t;2020-09-16 15:09:50.105754;2020-09-16 15:09:50.105754
79;25;Je peux consulter le rapport au format .CSV .;;4;t;2020-09-16 15:09:50.105754;2020-09-16 15:09:50.105754
80;26; Pour partager une anecdote.;;3;t;2020-09-16 15:09:50.105754;2020-09-16 15:09:50.105754
81;26;Pour décider des horaires de la prochaine réunion.;;2;t;2020-09-16 15:09:50.105754;2020-09-16 15:09:50.105754
82;26;Pour partager un fichier à co-éditer avec l'ensemble de l'équipe. ;;4;t;2020-09-16 15:09:50.105754;2020-09-16 15:09:50.105754
83;26;Pour savoir qui va déjeuner.;;1;t;2020-09-16 15:09:50.105754;2020-09-16 15:09:50.105754
84;27; Bloquer du temps dans mon agenda pour travailler.;;3;t;2020-09-16 15:09:50.105754;2020-09-16 15:09:50.105754
85;27;Créer une liste de tâches.;;4;t;2020-09-16 15:09:50.105754;2020-09-16 15:09:50.105754
86;27;Créer une nouvelle réunion.;;1;t;2020-09-16 15:09:50.105754;2020-09-16 15:09:50.105754
87;27;Rejoindre une réunion.;;2;t;2020-09-16 15:09:50.105754;2020-09-16 15:09:50.105754
88;28;Mes collègues sont partis prendre un café.;;3;t;2020-09-16 15:09:50.105754;2020-09-16 15:09:50.105754
89;28;"Mon micro est coupé mais Teams a détecté que je parlais, le message '"Votre microphone est coupé'" s''affiche donc.";;2;t;2020-09-16 15:09:50.105754;2020-09-16 15:09:50.105754
90;28;Mon micro est coupé.;;1;t;2020-09-16 15:09:50.105754;2020-09-16 15:09:50.105754
91;29;Non je ne peux pas inviter autant de personnes à une réunion Teams. ;;3;t;2020-09-16 15:09:50.105754;2020-09-16 15:09:50.105754
93;29;Oui car je peux inviter jusqu'à 50 personnes dans une réunion Teams. ;;2;t;2020-09-16 15:09:50.105754;2020-09-16 15:09:50.105754
97;31;"Enfin, je clique sur '"Image de l''équipe'".";;3;t;2020-09-16 15:09:50.105754;2020-09-16 15:09:50.105754
98;31;"Je choisis l''onglet '"Paramètres'".";;4;t;2020-09-16 15:09:50.105754;2020-09-16 15:09:50.105754
99;31;"Je commence par cliquer sur les trois points '"… '" à droite du nom de l''équipe.";;2;t;2020-09-16 15:09:50.105754;2020-09-16 15:09:50.105754
100;31;"Je sélectionne'"Gérer l''équipe'".";;1;t;2020-09-16 15:09:50.105754;2020-09-16 15:09:50.105754
104;33;Impossible d'organiser un brainstorming à distance. ;;3;t;2020-09-16 15:09:50.105754;2020-09-16 15:09:50.105754
105;33;Nous pouvons utiliser un bloc-notes OneNote pour brainstormer.;;2;t;2020-09-16 15:09:50.105754;2020-09-16 15:09:50.105754
106;33;"Nous pouvons utiliser une application de brainstorming (selon autorisation de l''entreprise, l''application '"Whiteboard'" de Microsoft ou une application tierce).";;1;t;2020-09-16 15:09:50.105754;2020-09-16 15:09:50.105754
107;34;"Je clique sur '"… '" à droite du nom de l''équipe, puis sur '"Gérer l''équipe'" et sur '"Canaux'".";;2;t;2020-09-16 15:09:50.105754;2020-09-16 15:09:50.105754
108;34;"Je clique sur '"… '" à droite du nom de l''équipe, puis sur '"Gérer l''équipe'" et sur '"Membres'".";;1;t;2020-09-16 15:09:50.105754;2020-09-16 15:09:50.105754
109;34;"Je clique sur '"… '" à droite du nom de l''équipe, puis sur '"Paramètres'", la date d''expiration de l''équipe se situe en bas de la page.";;3;t;2020-09-16 15:09:50.105754;2020-09-16 15:09:50.105754
110;35;"En cliquant sur l''icône '"Conversation'", après avoir passé ma souris sur la photo de profil de mon contact.";;2;t;2020-09-16 15:09:50.105754;2020-09-16 15:09:50.105754
111;35;"En tapant dans la barre de recherche : '"/conversation'" + Touche Entrée +  '"Nom du contact'" +  Touche Entrée + '"Mon message'".";;3;t;2020-09-16 15:09:50.105754;2020-09-16 15:09:50.105754
112;35;"Il n''y a pas d''astuce, je dois aller uniquement dans l''onglet '"Conversation'".";;1;t;2020-09-16 15:09:50.105754;2020-09-16 15:09:50.105754
113;36;"Dans ma liste d''équipes actives, je clique sur les '"…'"  à côté de l''équipe à archiver.";;4;t;2020-09-16 15:09:50.105754;2020-09-16 15:09:50.105754
114;36;"En bas de la liste de mes équipes, je clique sur l''icône '"Gérer les équipes'".";;3;t;2020-09-16 15:09:50.105754;2020-09-16 15:09:50.105754
115;36;"Enfin, je sélectionne l''option '"Archiver l''équipe'" et je définis l''accès au Sharepoint associé.";;2;t;2020-09-16 15:09:50.105754;2020-09-16 15:09:50.105754
116;36;"Je commence par sélectionner l''onglet '"Equipes'" dans le bandeau gauche.";;1;t;2020-09-16 15:09:50.105754;2020-09-16 15:09:50.105754
117;37;"Depuis mon calendrier Teams, je modifie ma réponse en cliquant sur '"Refuser'" et en ajoutant un commentaire.";;3;t;2020-09-16 15:09:50.105754;2020-09-16 15:09:50.105754
118;37;Je l'appelle sur Teams.;;2;t;2020-09-16 15:09:50.105754;2020-09-16 15:09:50.105754
119;37;Je lance une conversation de groupe avec tous les participants de la réunion.;;1;t;2020-09-16 15:09:50.105754;2020-09-16 15:09:50.105754
120;38;J'ajoute un commentaire en le @mentionnant sur la cellule concernée et je lui envoie un message sur Teams.;;2;t;2020-09-16 15:09:50.105754;2020-09-16 15:09:50.105754
121;38;Je lui envoie un email avec une capture d'écran de la formule.;;1;t;2020-09-16 15:09:50.105754;2020-09-16 15:09:50.105754
122;38;Réponse C. ;;3;t;2020-09-16 15:09:50.105754;2020-09-16 15:09:50.105754
126;40;Je demande à un collègue.;;3;t;2020-09-16 15:09:50.105754;2020-09-16 15:09:50.105754
127;40;"Je tape le nom du fichier dans la barre de recherche et je filtre sur '"Fichiers'".";;1;t;2020-09-16 15:09:50.105754;2020-09-16 15:09:50.105754
128;40;"Je vais dans l''onglet '"Fichiers'" et je filtre l''affichage.";;2;t;2020-09-16 15:09:50.105754;2020-09-16 15:09:50.105754
129;41;J'appelle Alex pour lui demander dans quelle équipe il avait posté son message.;;1;t;2020-09-16 15:09:50.105754;2020-09-16 15:09:50.105754
130;41;J'envoie un email à Alex.;;2;t;2020-09-16 15:09:50.105754;2020-09-16 15:09:50.105754
131;41;"Je peux retrouver mes dernières activités dans mes équipes depuis l''onglet '"Activité'". ";;3;t;2020-09-16 15:09:50.105754;2020-09-16 15:09:50.105754
132;42;J'ai accès à ma messagerie vocale;;1;t;2020-09-16 15:09:50.105754;2020-09-16 15:09:50.105754
133;42;Je peux appeler l'externe.;;3;t;2020-09-16 15:09:50.105754;2020-09-16 15:09:50.105754
134;42;Je peux appeler mes interlocuteurs en visio. ;;4;t;2020-09-16 15:09:50.105754;2020-09-16 15:09:50.105754
135;42;Je peux déléguer ou transférer mes appels.;;2;t;2020-09-16 15:09:50.105754;2020-09-16 15:09:50.105754
136;43;J'appelle l'organisateur de la réunion et je lui demande de changer l'horaire de la réunion.;;2;t;2020-09-16 15:09:50.105754;2020-09-16 15:09:50.105754
137;43;"J''ouvre la réunion sur Outlook et j''utilise l''option '"Proposition d''un nouvel horaire'". ";;3;t;2020-09-16 15:09:50.105754;2020-09-16 15:09:50.105754
138;43;Tant pis, je n'assiste pas à la réunion.;;1;t;2020-09-16 15:09:50.105754;2020-09-16 15:09:50.105754
139;44;J'utilise l'ordinateur de l'hôtel mis à disposition de tous, je lance Office.com, je me connecte avec mon identifiant et mon mot de passe, et je choisis Teams.;;2;t;2020-09-16 15:09:50.105754;2020-09-16 15:09:50.105754
140;44;Je m'y connecte grâce à mon téléphone, via l'application Teams.;;1;t;2020-09-16 15:09:50.105754;2020-09-16 15:09:50.105754
141;44;Je ne participe pas à la réunion. ;;3;t;2020-09-16 15:09:50.105754;2020-09-16 15:09:50.105754
142;45;"J''informe mon client qu''il peut également activer les sous-titres instantanés en cliquant sur les trois points '"...'" dans la barre de contrôle. ";;3;t;2020-09-16 15:09:50.105754;2020-09-16 15:09:50.105754
143;45;Je demande à tous les participants qui vont présenter d'activer les sous-titrages dans Powerpoint.;;1;t;2020-09-16 15:09:50.105754;2020-09-16 15:09:50.105754
144;45;Je suis embarrassé.e, je ne sais pas quoi faire.;;2;t;2020-09-16 15:09:50.105754;2020-09-16 15:09:50.105754
145;46;"Je clique sur Autres options '"…'" pour accéder à la liste des vues par membre.";;3;t;2020-09-16 15:09:50.105754;2020-09-16 15:09:50.105754
146;46;Je les appelle pour leur demander. ;;1;t;2020-09-16 15:09:50.105754;2020-09-16 15:09:50.105754
147;46;Je leur renvoie le même message.;;2;t;2020-09-16 15:09:50.105754;2020-09-16 15:09:50.105754
151;48;Faux;;2;t;2020-09-16 15:09:50.105754;2020-09-16 15:09:50.105754
152;48;Vrai;;1;t;2020-09-16 15:09:50.105754;2020-09-16 15:09:50.105754
153;49;Bien sûr, la co-édition est possible dans Teams, sur Excel, Word, PowerPoint ou OneNote!;;3;t;2020-09-16 15:09:50.105754;2020-09-16 15:09:50.105754
154;49;Ce n'est pas possible aujourd'hui dans Teams.;;1;t;2020-09-16 15:09:50.105754;2020-09-16 15:09:50.105754
155;49;Si un.e collègue travaille déjà sur le fichier, je ne serai qu'en lecture seule.;;2;t;2020-09-16 15:09:50.105754;2020-09-16 15:09:50.105754
156;50;Je peux créer un tableau directement dans mon message.;;4;t;2020-09-16 15:09:50.105754;2020-09-16 15:09:50.105754
157;50;Je peux dessiner directement dans la zone de message.;;3;t;2020-09-16 15:09:50.105754;2020-09-16 15:09:50.105754
158;50;Je peux insérer des emojis et des Gifs.;;1;t;2020-09-16 15:09:50.105754;2020-09-16 15:09:50.105754
159;50;Je peux mettre mon texte en gras, en italique et en couleur.;;2;t;2020-09-16 15:09:50.105754;2020-09-16 15:09:50.105754
160;51;J'active les notifications de l'équipe.;;1;t;2020-09-16 15:09:50.105754;2020-09-16 15:09:50.105754
161;51;"J''active les notifications du canal '"RH'".";;2;t;2020-09-16 15:09:50.105754;2020-09-16 15:09:50.105754
162;51;J'active les notifications sur le message important sur les congés d'été.;;3;t;2020-09-16 15:09:50.105754;2020-09-16 15:09:50.105754
163;52;Faux;;2;t;2020-09-16 15:09:50.105754;2020-09-16 15:09:50.105754
164;52;Vrai;;1;t;2020-09-16 15:09:50.105754;2020-09-16 15:09:50.105754
165;53;"Il ne peut pas y avoir de tri ou de sélection, tous les fichiers sont dans l''onglet '"Fichiers '"du canal ou de la conversation.";;1;t;2020-09-16 15:09:50.105754;2020-09-16 15:09:50.105754
166;53;Oui, je peux épingler un fichier dans la barre d'onglet d'une conversation ou d'un canal. ;;2;t;2020-09-16 15:09:50.105754;2020-09-16 15:09:50.105754
167;54;Je crée un canal privé au sein de mon équipe. ;;3;t;2020-09-16 15:09:50.105754;2020-09-16 15:09:50.105754
168;54;Je crée une nouvelle équipe pour traiter les sujets confidentiels.;;2;t;2020-09-16 15:09:50.105754;2020-09-16 15:09:50.105754
169;54;Je leur envoie un email.;;1;t;2020-09-16 15:09:50.105754;2020-09-16 15:09:50.105754
170;55;"Enfin, j''ajoute mes délégués dans l''onglet '"Vos délégués'".";;2;t;2020-09-16 15:09:50.105754;2020-09-16 15:09:50.105754
171;55;"Ensuite, je vais dans l''onglet '"Général'".";;1;t;2020-09-16 15:09:50.105754;2020-09-16 15:09:50.105754
172;55;"Je sélectionne '"Gérer les délégués'" tout en bas.";;3;t;2020-09-16 15:09:50.105754;2020-09-16 15:09:50.105754
173;55;"Tout d''abord, j''ouvre les '"Paramètres'".";;4;t;2020-09-16 15:09:50.105754;2020-09-16 15:09:50.105754
177;57;Je veux aider quelqu'un en temps réel.;;2;t;2020-09-16 15:09:50.105754;2020-09-16 15:09:50.105754
178;57;Je veux apporter des commentaires rapides.;;1;t;2020-09-16 15:09:50.105754;2020-09-16 15:09:50.105754
179;57;Quand je veux enregistrer notre réunion.;;3;t;2020-09-16 15:09:50.105754;2020-09-16 15:09:50.105754
180;58;Dans l'invitation Outlook de la réunion, je peux accéder aux options;;1;t;2020-09-16 15:09:50.105754;2020-09-16 15:09:50.105754
181;58;Dans l'invitation Teams de la réunion, je peux accéder aux options;;2;t;2020-09-16 15:09:50.105754;2020-09-16 15:09:50.105754
182;58;Je ne peux pas paramétrer les options de la réunion;;3;t;2020-09-16 15:09:50.105754;2020-09-16 15:09:50.105754
186;60;Seul l'organisateur.rice de la réunion.;;3;t;2020-09-16 15:09:50.105754;2020-09-16 15:09:50.105754
187;60;Seuls les membres de mon organisation.;;2;t;2020-09-16 15:09:50.105754;2020-09-16 15:09:50.105754
188;60;Tous les participants.;;1;t;2020-09-16 15:09:50.105754;2020-09-16 15:09:50.105754
189;61;Faux;;2;t;2020-09-16 15:09:50.105754;2020-09-16 15:09:50.105754
190;61;Vrai;;1;t;2020-09-16 15:09:50.105754;2020-09-16 15:09:50.105754
191;62;Excel;;3;t;2020-09-16 15:09:50.105754;2020-09-16 15:09:50.105754
192;62;Planificateur, qui est un outil Microsoft entièrement intégré à Teams et synchronisé avec Outlook.;;1;t;2020-09-16 15:09:50.105754;2020-09-16 15:09:50.105754
193;62;Un outil de gestion de projet déjà mis en place dans mon entreprise et qui s'intègre à Teams (Trello, Jira, Asana, …).;;2;t;2020-09-16 15:09:50.105754;2020-09-16 15:09:50.105754
194;63;"Partager mon '"Bureau'"";;2;t;2020-09-16 15:09:50.105754;2020-09-16 15:09:50.105754
195;63;"Partager un fichier '"PowerPoint'"";;1;t;2020-09-16 15:09:50.105754;2020-09-16 15:09:50.105754
196;63;"Partager une '"Fenêtre'"";;3;t;2020-09-16 15:09:50.105754;2020-09-16 15:09:50.105754
197;64;Créer un fichier Excel et demander à chacun de le remplir par nom et par dates de congés envisagées.;;2;t;2020-09-16 15:09:50.105754;2020-09-16 15:09:50.105754
198;64;Créer un formulaire et demander à chacun de le remplir via Forms.;;1;t;2020-09-16 15:09:50.105754;2020-09-16 15:09:50.105754
199;64;Créer un OneNote et demander à chacun de le remplir.;;3;t;2020-09-16 15:09:50.105754;2020-09-16 15:09:50.105754
200;65;Enfin, je rajoute l'URL du site internet.;;1;t;2020-09-16 15:09:50.105754;2020-09-16 15:09:50.105754
201;65;"Je commence par sélectionner le canal et je clique sur le '"+'" à droite des onglets.";;4;t;2020-09-16 15:09:50.105754;2020-09-16 15:09:50.105754
202;65;Je sélectionne l'icône Site web.;;2;t;2020-09-16 15:09:50.105754;2020-09-16 15:09:50.105754
203;65;Puis, je nomme l'onglet.;;3;t;2020-09-16 15:09:50.105754;2020-09-16 15:09:50.105754
204;66;Enfin, je sélectionne l'onglet Windows ou MacOS.;;4;t;2020-09-16 15:09:50.105754;2020-09-16 15:09:50.105754
205;66;"Je clique sur '"Afficher les raccourcis pour toutes les plateformes'".";;2;t;2020-09-16 15:09:50.105754;2020-09-16 15:09:50.105754
206;66;Je commence par cliquer sur ma photo de profil.;;1;t;2020-09-16 15:09:50.105754;2020-09-16 15:09:50.105754
207;66;"Je sélectionne '"Raccourcis clavier'".";;3;t;2020-09-16 15:09:50.105754;2020-09-16 15:09:50.105754
208;67;Mentionner des personnes spécifiques.;;3;t;2020-09-16 15:09:50.105754;2020-09-16 15:09:50.105754
209;67;"Mettre en forme mon message en cliquant sur l''icône '"Format'" en forme de A.";;1;t;2020-09-16 15:09:50.105754;2020-09-16 15:09:50.105754
210;67;"Utiliser le mode '"Annonce'".";;2;t;2020-09-16 15:09:50.105754;2020-09-16 15:09:50.105754
211;67;Utiliser les trois techniques évoquées ci-dessus. ;;4;t;2020-09-16 15:09:50.105754;2020-09-16 15:09:50.105754
215;69;Non, les paramétrages sont propres à chaque environnement : PC d'un côté, mobile de l'autre.;;2;t;2020-09-16 15:09:50.105754;2020-09-16 15:09:50.105754
217;70;Les participants bénéficieront de fonctionnalités spéciales.;;1;t;2020-09-16 15:09:50.105754;2020-09-16 15:09:50.105754
218;70;Les participants peuvent synchroniser leur affichage avec l’affichage du présentateur d’un simple clic.;;3;t;2020-09-16 15:09:50.105754;2020-09-16 15:09:50.105754
219;70;Les participants pourront se déplacer dans différentes diapositives sans interrompre la présentation principale.;;2;t;2020-09-16 15:09:50.105754;2020-09-16 15:09:50.105754
220;70;Les trois réponses ci-dessus.;;4;t;2020-09-16 15:09:50.105754;2020-09-16 15:09:50.105754
221;71;"Le bouton '"A'".";;1;t;2020-09-16 15:09:50.105754;2020-09-16 15:09:50.105754
222;71;"Le bouton '"Autocollant'".";;3;t;2020-09-16 15:09:50.105754;2020-09-16 15:09:50.105754
223;71;"Le bouton '"Joindre'".";;2;t;2020-09-16 15:09:50.105754;2020-09-16 15:09:50.105754
224;72;Cette liste n'existe pas. ;;1;t;2020-09-16 15:09:50.105754;2020-09-16 15:09:50.105754
225;72;"Je vais dans '"Gérer l''équipe'" puis dans l''onglet '"Applications'".";;2;t;2020-09-16 15:09:50.105754;2020-09-16 15:09:50.105754
226;72;"Je vais dans '"Gérer l''équipe'" puis dans l''onglet '"Canaux.'" ";;3;t;2020-09-16 15:09:50.105754;2020-09-16 15:09:50.105754
227;73;Cette fonctionnalité n'existe pas dans Teams.;;1;t;2020-09-16 15:09:50.105754;2020-09-16 15:09:50.105754
228;73;J'utilise l'application Sondage ou Forms qui sont intégrées à Teams.;;2;t;2020-09-16 15:09:50.105754;2020-09-16 15:09:50.105754
229;73;Je créé un fichier Excel et je demande aux membres du canal de le compléter.;;3;t;2020-09-16 15:09:50.105754;2020-09-16 15:09:50.105754
230;74;Enfin, je tape le statut que je souhaite (Absent, Disponible, De retour bientôt…).;;3;t;2020-09-16 15:09:50.105754;2020-09-16 15:09:50.105754
231;74;"Je tape ensuite '"/'".";;1;t;2020-09-16 15:09:50.105754;2020-09-16 15:09:50.105754
232;74;Pour commencer, je positionne ma souris dans la barre de recherche.;;2;t;2020-09-16 15:09:50.105754;2020-09-16 15:09:50.105754
233;75;Il n'y a pas d'astuce. ;;1;t;2020-09-16 15:09:50.105754;2020-09-16 15:09:50.105754
234;75;"Je peux attribuer une sonnerie spécifique pour les '"Appels délégués'".";;3;t;2020-09-16 15:09:50.105754;2020-09-16 15:09:50.105754
235;75;"Je peux attribuer une sonnerie spécifique pour les '"Appels transférés'".";;2;t;2020-09-16 15:09:50.105754;2020-09-16 15:09:50.105754
239;77;Oui depuis Outlook, je peux créer une nouvelle réunion Teams avec une périodicité ;;1;t;2020-09-16 15:09:50.105754;2020-09-16 15:09:50.105754
240;77;Oui depuis Planificateur;;3;t;2020-09-16 15:09:50.105754;2020-09-16 15:09:50.105754
241;77;Oui depuis Teams, je peux créer une nouvelle réunion avec une périodicité ;;2;t;2020-09-16 15:09:50.105754;2020-09-16 15:09:50.105754
242;78;J'obtiens son fuseau horaire et je calcule de tête à quelle heure il est sera disponible.;;1;t;2020-09-16 15:09:50.105754;2020-09-16 15:09:50.105754
243;78;Je lui dis que je suis disponible pour faire une réunion à 22 heures. ;;3;t;2020-09-16 15:09:50.105754;2020-09-16 15:09:50.105754
244;78;Je modifie notre point dans Teams en sélectionnant son fuseau horaire et en utilisant l'Assistant de planification.;;2;t;2020-09-16 15:09:50.105754;2020-09-16 15:09:50.105754
245;79;Il change sa photo de profil.;;2;t;2020-09-16 15:09:50.105754;2020-09-16 15:09:50.105754
246;79;"Il modifie son statut sur '"Ne pas déranger'" pour avancer sur ses tâches urgentes.";;3;t;2020-09-16 15:09:50.105754;2020-09-16 15:09:50.105754
247;79;Il paramètre ses notifications.;;1;t;2020-09-16 15:09:50.105754;2020-09-16 15:09:50.105754
252;81;Enfin, la réunion appelle automatiquement le participant.;;4;t;2020-09-16 15:09:50.105754;2020-09-16 15:09:50.105754
253;81;"Je clique sur '"Afficher les participants'".";;1;t;2020-09-16 15:09:50.105754;2020-09-16 15:09:50.105754
254;81;Je tape ensuite le nom de l'expert en droit commercial dans la zone de saisie.;;3;t;2020-09-16 15:09:50.105754;2020-09-16 15:09:50.105754
255;81;La réunion est en cours.;;2;t;2020-09-16 15:09:50.105754;2020-09-16 15:09:50.105754
256;82;"Depuis mon calendrier Teams, j''ouvre la réunion de la semaine dernière et je vais dans l''onglet '"Conversation'".";;1;t;2020-09-16 15:09:50.105754;2020-09-16 15:09:50.105754
258;82;Je vais dans le canal où la réunion a été créée et je vais dans les commentaires de la publication.;;2;t;2020-09-16 15:09:50.105754;2020-09-16 15:09:50.105754
259;82;Les trois réponses citées ci-dessus. ;;4;t;2020-09-16 15:09:50.105754;2020-09-16 15:09:50.105754
260;83;"Enfin, j''active les '"Confirmations de lecture'".";;3;t;2020-09-16 15:09:50.105754;2020-09-16 15:09:50.105754
261;83;"Je sélectionne '"Paramètres'".";;2;t;2020-09-16 15:09:50.105754;2020-09-16 15:09:50.105754
262;83;"Je sélectionne ensuite '"Messagerie'".";;1;t;2020-09-16 15:09:50.105754;2020-09-16 15:09:50.105754
263;83;Pour commencer, j'appuie sur l'icône avec les trois barres en haut à gauche de l'application pour accéder à mon profil.;;4;t;2020-09-16 15:09:50.105754;2020-09-16 15:09:50.105754
264;84;J'invente une excuse pour sortir de la salle de réunion.;;2;t;2020-09-16 15:09:50.105754;2020-09-16 15:09:50.105754
265;84;Je ne peux pas, je dois attendre la fin de la réunion pour le consulter.;;1;t;2020-09-16 15:09:50.105754;2020-09-16 15:09:50.105754
266;84;Le message vocal est transcripté sur Teams, je peux le lire en cliquant sur la ligne de l'appel. ;;3;t;2020-09-16 15:09:50.105754;2020-09-16 15:09:50.105754
267;85;J'ouvre l'application mobile.;;3;t;2020-09-16 15:09:50.105754;2020-09-16 15:09:50.105754
268;85;"Je clique sur l''icône '"Filtrer'".";;1;t;2020-09-16 15:09:50.105754;2020-09-16 15:09:50.105754
269;85;"Je sélectionne '"Mentions'". ";;2;t;2020-09-16 15:09:50.105754;2020-09-16 15:09:50.105754
270;85;"Je vais dans l''onglet '"Activité'".";;4;t;2020-09-16 15:09:50.105754;2020-09-16 15:09:50.105754
271;86;Le navigateur Chrome;;2;t;2020-09-16 15:09:50.105754;2020-09-16 15:09:50.105754
272;86;Le navigateur Edge;;1;t;2020-09-16 15:09:50.105754;2020-09-16 15:09:50.105754
273;86;Le navigateur Mozilla Firefox;;4;t;2020-09-16 15:09:50.105754;2020-09-16 15:09:50.105754
274;86;Le navigateur Safari;;3;t;2020-09-16 15:09:50.105754;2020-09-16 15:09:50.105754
356;113;Je n'active pas ma caméra.;;1;t;2020-09-16 15:09:50.105754;2020-09-16 15:09:50.105754
275;87;Il ajoute plusieurs canaux dans son équipe.;;3;t;2020-09-16 15:09:50.105754;2020-09-16 15:09:50.105754
276;87;Il crée une conversation de groupe.;;1;t;2020-09-16 15:09:50.105754;2020-09-16 15:09:50.105754
277;87;Il crée une équipe.;;2;t;2020-09-16 15:09:50.105754;2020-09-16 15:09:50.105754
278;87;Il crée une réunion. ;;4;t;2020-09-16 15:09:50.105754;2020-09-16 15:09:50.105754
279;88;15 min;;2;t;2020-09-16 15:09:50.105754;2020-09-16 15:09:50.105754
280;88;30 min ;;3;t;2020-09-16 15:09:50.105754;2020-09-16 15:09:50.105754
281;88;5 min;;1;t;2020-09-16 15:09:50.105754;2020-09-16 15:09:50.105754
282;89;"Enfin, je sélectionne '"Gérer l''accès prioritaire'".";;4;t;2020-09-16 15:09:50.105754;2020-09-16 15:09:50.105754
283;89;Je commence par cliquer sur ma photo de profil.;;2;t;2020-09-16 15:09:50.105754;2020-09-16 15:09:50.105754
284;89;"Je vais dans '"Confidentialité'".";;3;t;2020-09-16 15:09:50.105754;2020-09-16 15:09:50.105754
285;89;"Je vais dans '"Paramètres'".";;1;t;2020-09-16 15:09:50.105754;2020-09-16 15:09:50.105754
286;90;Enregistrer un message dans les favoris;;3;t;2020-09-16 15:09:50.105754;2020-09-16 15:09:50.105754
287;90;Envoyer un message audio;;4;t;2020-09-16 15:09:50.105754;2020-09-16 15:09:50.105754
288;90;Répondre à un message spécifique;;1;t;2020-09-16 15:09:50.105754;2020-09-16 15:09:50.105754
289;90;Transférer un message;;2;t;2020-09-16 15:09:50.105754;2020-09-16 15:09:50.105754
290;91;Enfin, je sélectionne comment je souhaite être informé.e des nouvelles publications et mentions dans ce canal.;;4;t;2020-09-16 15:09:50.105754;2020-09-16 15:09:50.105754
291;91;"Je clique sur'"Personnaliser'".";;3;t;2020-09-16 15:09:50.105754;2020-09-16 15:09:50.105754
292;91;"Je commence par cliquer sur les trois points '"…'" à côté du canal.";;2;t;2020-09-16 15:09:50.105754;2020-09-16 15:09:50.105754
293;91;"Je sélectionne '"Notifications du canal'". ";;1;t;2020-09-16 15:09:50.105754;2020-09-16 15:09:50.105754
294;92;Il ne fait pas partie de mon organisation, il n'a pas accès à l'enregistrement.;;1;t;2020-09-16 15:09:50.105754;2020-09-16 15:09:50.105754
295;92;J'ouvre l'enregistrement sur Microsoft Stream et je modifie les autorisations de la vidéo. ;;3;t;2020-09-16 15:09:50.105754;2020-09-16 15:09:50.105754
296;92;Je télécharge la vidéo sur mon PC et je lui envoie en pièce jointe d'un email.;;2;t;2020-09-16 15:09:50.105754;2020-09-16 15:09:50.105754
297;93;Un fichier Excel, Word, Powerpoint, PDF...;;1;t;2020-09-16 15:09:50.105754;2020-09-16 15:09:50.105754
299;93;Un lien de site internet;;4;t;2020-09-16 15:09:50.105754;2020-09-16 15:09:50.105754
300;93;Une image;;2;t;2020-09-16 15:09:50.105754;2020-09-16 15:09:50.105754
301;94; En décrochant un autre appel simultanément, je mets automatiquement fin à l'appel en cours.;;2;t;2020-09-16 15:09:50.105754;2020-09-16 15:09:50.105754
302;94;En décrochant un autre appel simultanément, je mets automatiquement l'appel en cours en attente.;;1;t;2020-09-16 15:09:50.105754;2020-09-16 15:09:50.105754
303;94;Non ce n'est pas possible, cette fonctionnalité n'existe pas sur Teams. ;;3;t;2020-09-16 15:09:50.105754;2020-09-16 15:09:50.105754
304;95;Jour;;1;t;2020-09-16 15:09:50.105754;2020-09-16 15:09:50.105754
305;95;Mois;;4;t;2020-09-16 15:09:50.105754;2020-09-16 15:09:50.105754
306;95;Semaine;;2;t;2020-09-16 15:09:50.105754;2020-09-16 15:09:50.105754
307;95;Semaine de travail;;3;t;2020-09-16 15:09:50.105754;2020-09-16 15:09:50.105754
308;96;Ce n'est pas possible, il vaut mieux lancer un appel audio avec ces personnes.;;1;t;2020-09-16 15:09:50.105754;2020-09-16 15:09:50.105754
309;96;"Je peux le faire depuis Outlook, via le bouton '"Option de réponse'" je peux choisir de désactiver le transfert. ";;2;t;2020-09-16 15:09:50.105754;2020-09-16 15:09:50.105754
314;98;Faux;;2;t;2020-09-16 15:09:50.105754;2020-09-16 15:09:50.105754
315;98;Vrai;;1;t;2020-09-16 15:09:50.105754;2020-09-16 15:09:50.105754
316;99;"J''utilise la fonction '"Traduire'" à droite du message.";;2;t;2020-09-16 15:09:50.105754;2020-09-16 15:09:50.105754
317;99;Je copie son message et le colle dans mon navigateur internet pour utiliser un traducteur grand public non sécurisé.;;3;t;2020-09-16 15:09:50.105754;2020-09-16 15:09:50.105754
318;99;Je l'appelle mais il est 23h au Japon… ;;1;t;2020-09-16 15:09:50.105754;2020-09-16 15:09:50.105754
319;100;Faux;;2;t;2020-09-16 15:09:50.105754;2020-09-16 15:09:50.105754
320;100;Vrai;;1;t;2020-09-16 15:09:50.105754;2020-09-16 15:09:50.105754
321;101;Je reçois une notification Teams m'informant que quelqu'un a démarré la réunion.;;1;t;2020-09-16 15:09:50.105754;2020-09-16 15:09:50.105754
322;101;Réponse C. ;;3;t;2020-09-16 15:09:50.105754;2020-09-16 15:09:50.105754
323;101;Une icône Caméra s'affiche à côté du nom du canal.;;2;t;2020-09-16 15:09:50.105754;2020-09-16 15:09:50.105754
327;103;Afficher du contenu en direct, enregistrer la réunion si besoin, et utiliser les fonctionnalités présentes pour prendre la parole.;;1;t;2020-09-16 15:09:50.105754;2020-09-16 15:09:50.105754
328;103;"Inclure un ordre du jour dans l''invitation et inviter les autres participants à utiliser l''onglet '"Conversations'" pour échanger, si besoin, avant le début de la réunion.";;2;t;2020-09-16 15:09:50.105754;2020-09-16 15:09:50.105754
329;103;Publier des tâches de chacun, des fichiers et d'autres activités de suivi.;;3;t;2020-09-16 15:09:50.105754;2020-09-16 15:09:50.105754
330;104;Je l'épingle à un canal.;;2;t;2020-09-16 15:09:50.105754;2020-09-16 15:09:50.105754
331;104;Je l'épingle à une conversation.;;1;t;2020-09-16 15:09:50.105754;2020-09-16 15:09:50.105754
332;104;Je l'épingle dans ma barre de tâches. ;;3;t;2020-09-16 15:09:50.105754;2020-09-16 15:09:50.105754
333;105;Je crée une équipe à deux dans Teams et je lui partage le fichier.;;2;t;2020-09-16 15:09:50.105754;2020-09-16 15:09:50.105754
334;105;Je lui envoie un email et je lui partage le fichier en pièce jointe.;;1;t;2020-09-16 15:09:50.105754;2020-09-16 15:09:50.105754
335;105;Je lui partage le lien OneDrive du fichier dans notre conversation privée. ;;4;t;2020-09-16 15:09:50.105754;2020-09-16 15:09:50.105754
336;105;"Je télécharge le fichier dans l''onglet '"Fichiers'" de notre conversation privée.";;3;t;2020-09-16 15:09:50.105754;2020-09-16 15:09:50.105754
337;106;Elle ajoute des nouvelles personnes dans la conversation et elle partage l'historique de la conversation datant de 2 jours.;;3;t;2020-09-16 15:09:50.105754;2020-09-16 15:09:50.105754
338;106;Elle ajoute des nouvelles personnes dans la conversation.;;1;t;2020-09-16 15:09:50.105754;2020-09-16 15:09:50.105754
339;106;Elle partage tout l'historique de conversation.;;2;t;2020-09-16 15:09:50.105754;2020-09-16 15:09:50.105754
342;108;...sont limitées à trois personnes.;;2;t;2020-09-16 15:09:50.105754;2020-09-16 15:09:50.105754
343;108;…permettent de s'adresser à un groupe de personnes définies dans une équipe.;;3;t;2020-09-16 15:09:50.105754;2020-09-16 15:09:50.105754
344;108;…sont créées à partir des équipes.;;1;t;2020-09-16 15:09:50.105754;2020-09-16 15:09:50.105754
345;109;Ce n'est pas possible, si je n'ai pas de réseau internet, je ne peux pas rejoindre les réunions Teams.;;1;t;2020-09-16 15:09:50.105754;2020-09-16 15:09:50.105754
346;109;Je dois demander aux services généraux si la salle de réunion dispose d'un téléphone. ;;3;t;2020-09-16 15:09:50.105754;2020-09-16 15:09:50.105754
347;109;Pour rejoindre une réunion Teams par téléphone, il me suffit de composer le numéro présent dans l'invitation.;;2;t;2020-09-16 15:09:50.105754;2020-09-16 15:09:50.105754
352;111;Faux;;2;t;2020-09-16 15:09:50.105754;2020-09-16 15:09:50.105754
353;111;Vrai;;1;t;2020-09-16 15:09:50.105754;2020-09-16 15:09:50.105754
354;112;Oui, il fait disparaître les problèmes ! ;;1;t;2020-09-16 15:09:50.105754;2020-09-16 15:09:50.105754
355;112;Peut-être, mais il a surtout changé le thème de Teams en mode sombre.;;2;t;2020-09-16 15:09:50.105754;2020-09-16 15:09:50.105754
341;107;Vrai;;1;f;2020-09-16 15:09:50.105754;2020-09-16 15:09:50.105754
340;107;Faux;;2;f;2020-09-16 15:09:50.105754;2020-09-16 15:09:50.105754
357;113;Je peux appliquer des effets d'arrière-plan.;;2;t;2020-09-16 15:09:50.105754;2020-09-16 15:09:50.105754
358;113;Je peux flouter mon arrière-plan.;;3;t;2020-09-16 15:09:50.105754;2020-09-16 15:09:50.105754
359;114;Ce n'est pas conseillé, il faut un seul propriétaire par équipe. ;;1;t;2020-09-16 15:09:50.105754;2020-09-16 15:09:50.105754
360;114;Définir plusieurs propriétaires permet aux autres propriétaires de continuer à gérer les paramètres et les droits de l'équipe, même en cas d'absence. ;;2;t;2020-09-16 15:09:50.105754;2020-09-16 15:09:50.105754
361;114;"Il est conseillé plutôt de nommer tous les membres comme '"Propriétaire'". ";;3;t;2020-09-16 15:09:50.105754;2020-09-16 15:09:50.105754
362;115;Non, le partage de contenu sur Teams n'est possible uniquement que depuis un PC. ;;2;t;2020-09-16 15:09:50.105754;2020-09-16 15:09:50.105754
363;115;"Oui, pendant l''appel je clique sur '"…'" (Plus d''option) puis sur '"Partager'".";;1;t;2020-09-16 15:09:50.105754;2020-09-16 15:09:50.105754
364;116;Enfin, je définis mes disponibilités en fonction des jours. ;;4;t;2020-09-16 15:09:50.105754;2020-09-16 15:09:50.105754
365;116;"Je clique sur '"Définir la disponibilité'".";;1;t;2020-09-16 15:09:50.105754;2020-09-16 15:09:50.105754
366;116;"Je clique sur '"Profil'".";;2;t;2020-09-16 15:09:50.105754;2020-09-16 15:09:50.105754
367;116;"Pour commencer, je vais dans les '"Paramètres '"de l''application mobile.";;3;t;2020-09-16 15:09:50.105754;2020-09-16 15:09:50.105754
368;117;Il lance un appel audio avec son manager.;;2;t;2020-09-16 15:09:50.105754;2020-09-16 15:09:50.105754
369;117;Il lance un appel vidéo avec son manager. ;;3;t;2020-09-16 15:09:50.105754;2020-09-16 15:09:50.105754
370;117;Il partage un fichier à son manager.;;1;t;2020-09-16 15:09:50.105754;2020-09-16 15:09:50.105754
371;118;Dans les conversations Teams, je marque la conversation comme non lue.;;2;t;2020-09-16 15:09:50.105754;2020-09-16 15:09:50.105754
372;118;J'appelle Paul.;;3;t;2020-09-16 15:09:50.105754;2020-09-16 15:09:50.105754
373;118;Je m'envoie un email de rappel. ;;1;t;2020-09-16 15:09:50.105754;2020-09-16 15:09:50.105754
374;119;"J''utilise la fonctionnalité '"Ajouter des participants'" et je compose son numéro.";;2;t;2020-09-16 15:09:50.105754;2020-09-16 15:09:50.105754
375;119;Je l'appelle depuis mon téléphone personnel.;;1;t;2020-09-16 15:09:50.105754;2020-09-16 15:09:50.105754
376;119;Je ne peux pas l'appeler, il ne participera pas à la réunion. ;;4;t;2020-09-16 15:09:50.105754;2020-09-16 15:09:50.105754
377;119;Je raccroche la réunion en cours et je lance un appel de groupe sur tous les numéros personnels de l'équipe.;;3;t;2020-09-16 15:09:50.105754;2020-09-16 15:09:50.105754
378;120;C'est impossible.;;1;t;2020-09-16 15:09:50.105754;2020-09-16 15:09:50.105754
379;120;"Je clique sur les trois points '"…'" à côté du nom de l''équipe et je clique sur '"Ajouter un membre'".";;2;t;2020-09-16 15:09:50.105754;2020-09-16 15:09:50.105754
380;120;"Je clique sur les trois points '"…'" à côté du nom de l''équipe et je clique sur '"Quitter l''équipe'".";;3;t;2020-09-16 15:09:50.105754;2020-09-16 15:09:50.105754
381;121;J'ajoute un onglet avec un fichier PDF qui recense tout ce qu'il savoir sur l'équipe.;;3;t;2020-09-16 15:09:50.105754;2020-09-16 15:09:50.105754
382;121;J'ajoute un onglet Excel qui recense tout ce qu'il faut savoir sur l'équipe.;;2;t;2020-09-16 15:09:50.105754;2020-09-16 15:09:50.105754
383;121;J'ajoute un onglet OneNote qui recense tout ce qu'il faut savoir sur l'équipe.;;1;t;2020-09-16 15:09:50.105754;2020-09-16 15:09:50.105754
387;123;"J''utilise la fonctionnalité '"Gérer les canaux'" en cliquant sur les trois points '"…'" à droite du nom de l''équipe.";;1;t;2020-09-16 15:09:50.105754;2020-09-16 15:09:50.105754
388;123;"J''utilise la fonctionnalité '"Quitter l''équipe'" en cliquant sur sur les trois points '"…'" à droite du nom de l''équipe.";;2;t;2020-09-16 15:09:50.105754;2020-09-16 15:09:50.105754
389;123;"J''utilise la fonctionnalité '"Supprimer l''équipe'" en cliquant sur sur les trois points '"…'" à droite du nom de l''équipe.";;3;t;2020-09-16 15:09:50.105754;2020-09-16 15:09:50.105754
393;125;Déléguer des appels;;2;t;2020-09-16 15:09:50.105754;2020-09-16 15:09:50.105754
394;125;Gérer mes sonneries d'appels;;3;t;2020-09-16 15:09:50.105754;2020-09-16 15:09:50.105754
395;125;Transférer mes appels;;1;t;2020-09-16 15:09:50.105754;2020-09-16 15:09:50.105754
396;126;Pour communiquer une information à caractère important et officiel;;2;t;2020-09-16 15:09:50.105754;2020-09-16 15:09:50.105754
397;126;Pour convenir d'une date de réunion;;3;t;2020-09-16 15:09:50.105754;2020-09-16 15:09:50.105754
398;126;Pour demander une revue de mon travail;;1;t;2020-09-16 15:09:50.105754;2020-09-16 15:09:50.105754
399;127;Il n'y a pas d'adresse email associé à un canal. ;;2;t;2020-09-16 15:09:50.105754;2020-09-16 15:09:50.105754
400;127;"Je le retrouve en cliquant sur les trois petits points '"…'" à côté du nom du canal. ";;1;t;2020-09-16 15:09:50.105754;2020-09-16 15:09:50.105754
404;129;Pour identifier rapidement le thème abordé.;;2;t;2020-09-16 15:09:50.105754;2020-09-16 15:09:50.105754
405;129;Pour la retrouver facilement à partir de la barre de recherche.;;1;t;2020-09-16 15:09:50.105754;2020-09-16 15:09:50.105754
406;129;Pour structurer mes conversations de groupe.;;3;t;2020-09-16 15:09:50.105754;2020-09-16 15:09:50.105754
407;130;A la conversation de la réunion.;;2;t;2020-09-16 15:09:50.105754;2020-09-16 15:09:50.105754
408;130;Aux contenus audio et vidéo de la réunion.;;1;t;2020-09-16 15:09:50.105754;2020-09-16 15:09:50.105754
409;130;Aux fichiers partagés.;;3;t;2020-09-16 15:09:50.105754;2020-09-16 15:09:50.105754
410;130;Toutes les réponses citées ci-dessus.;;4;t;2020-09-16 15:09:50.105754;2020-09-16 15:09:50.105754
411;131;Non ;;2;t;2020-09-16 15:09:50.105754;2020-09-16 15:09:50.105754
412;131;Oui;;1;t;2020-09-16 15:09:50.105754;2020-09-16 15:09:50.105754
413;132;"Enfin, je clique sur l''onglet '"Fichiers'" de la conversation pour accéder au fichier. ";;4;t;2020-09-16 15:09:50.105754;2020-09-16 15:09:50.105754
414;132;Je clique sur la conversation pour l'ouvrir.;;3;t;2020-09-16 15:09:50.105754;2020-09-16 15:09:50.105754
415;132;"Je commence par aller dans mes '"Conversations'".";;2;t;2020-09-16 15:09:50.105754;2020-09-16 15:09:50.105754
416;132;"Je recherche la conversation nommée '"Prévisions des ventes 2021'".";;1;t;2020-09-16 15:09:50.105754;2020-09-16 15:09:50.105754
417;133;"Enfin, je clique sur '"Epingler'".";;3;t;2020-09-16 15:09:50.105754;2020-09-16 15:09:50.105754
418;133;Je clique ensuite sur la conversation de la réunion en question.;;4;t;2020-09-16 15:09:50.105754;2020-09-16 15:09:50.105754
419;133;"Je clique sur les trois points '"…'" (Autres options).";;2;t;2020-09-16 15:09:50.105754;2020-09-16 15:09:50.105754
420;133;"Je commence par aller dans l''onglet '"Conversations'".";;1;t;2020-09-16 15:09:50.105754;2020-09-16 15:09:50.105754
421;134;Activer ma caméra;;3;t;2020-09-16 15:09:50.105754;2020-09-16 15:09:50.105754
422;134;Enregistrer la réunion;;2;t;2020-09-16 15:09:50.105754;2020-09-16 15:09:50.105754
423;134;Partager mon écran;;1;t;2020-09-16 15:09:50.105754;2020-09-16 15:09:50.105754
424;134;Partager un fichier;;4;t;2020-09-16 15:09:50.105754;2020-09-16 15:09:50.105754
428;136;Il crée un groupe de contacts d'appels.;;3;t;2020-09-16 15:09:50.105754;2020-09-16 15:09:50.105754
429;136;Il crée une conversation de groupe.;;2;t;2020-09-16 15:09:50.105754;2020-09-16 15:09:50.105754
430;136;Il crée une réunion.;;1;t;2020-09-16 15:09:50.105754;2020-09-16 15:09:50.105754
431;137;J'ai paramétré mon message d'absence sur Outlook.;;1;t;2020-09-16 15:09:50.105754;2020-09-16 15:09:50.105754
583;186;Je lance une conversation de groupe.;;3;t;2020-09-16 15:09:50.105754;2020-09-16 15:09:50.105754
432;137;J'ai prévenu tout le monde par email que j'ai pris ma semaine. ;;3;t;2020-09-16 15:09:50.105754;2020-09-16 15:09:50.105754
433;137;"Mon statut Teams sera sur '"Absent(e) du bureau'".";;2;t;2020-09-16 15:09:50.105754;2020-09-16 15:09:50.105754
434;138;Je n'ai pas la main, je dois me contenter de ce qu'il projette.;;1;t;2020-09-16 15:09:50.105754;2020-09-16 15:09:50.105754
435;138;"Je peux effectuer un zoom avant/arrière en maintenant la touche '"Ctrl'" enfoncée et en faisant défiler la souris.";;2;t;2020-09-16 15:09:50.105754;2020-09-16 15:09:50.105754
436;138;"Je peux effectuer un zoom avant/arrière en utilisant les raccourcis clavier '"Ctrl +'" et '"Ctrl -'" .";;3;t;2020-09-16 15:09:50.105754;2020-09-16 15:09:50.105754
438;139;Vrai, c'est même recommandé !;;1;t;2020-09-16 15:09:50.105754;2020-09-16 15:09:50.105754
439;140;1 heure;;3;t;2020-09-16 15:09:50.105754;2020-09-16 15:09:50.105754
440;140;2 heures;;1;t;2020-09-16 15:09:50.105754;2020-09-16 15:09:50.105754
441;140;45 min;;2;t;2020-09-16 15:09:50.105754;2020-09-16 15:09:50.105754
442;141;"Enfin, je vérifie les coordonnées et je clique sur '"Partager la position'".  ";;4;t;2020-09-16 15:09:50.105754;2020-09-16 15:09:50.105754
443;141;"Je clique sur les trois petits points '"…'".";;3;t;2020-09-16 15:09:50.105754;2020-09-16 15:09:50.105754
444;141;"Je commence par ouvrir l''application mobile et je vais dans l''onglet '"Conversation'".";;1;t;2020-09-16 15:09:50.105754;2020-09-16 15:09:50.105754
445;141;"Je sélectionne l''option '"Emplacement'".";;2;t;2020-09-16 15:09:50.105754;2020-09-16 15:09:50.105754
446;142;"Enfin, je sélectionne '"Qui peut éviter la salle d''attente?'". ";;4;t;2020-09-16 15:09:50.105754;2020-09-16 15:09:50.105754
447;142;"Je clique sur '"Options de réunion'" en bas de mon invitation.";;3;t;2020-09-16 15:09:50.105754;2020-09-16 15:09:50.105754
448;142;Je commence par ouvrir mon calendrier Outlook.;;2;t;2020-09-16 15:09:50.105754;2020-09-16 15:09:50.105754
449;142;Je crée une nouvelle réunion Teams.;;1;t;2020-09-16 15:09:50.105754;2020-09-16 15:09:50.105754
450;143;"A droite, je clique sur l''icône '"Afficher et ajouter des participants'".";;2;t;2020-09-16 15:09:50.105754;2020-09-16 15:09:50.105754
451;143;"D''abord, je vais dans l''onglet '"Conversation'".";;3;t;2020-09-16 15:09:50.105754;2020-09-16 15:09:50.105754
452;143;Je clique enfin sur la croix à droite de son nom.;;1;t;2020-09-16 15:09:50.105754;2020-09-16 15:09:50.105754
453;143;"Je sélectionne la conversation de groupe '"C''est lundi, un petit café?'".";;4;t;2020-09-16 15:09:50.105754;2020-09-16 15:09:50.105754
454;144;Non, ce n'est pas possible dans Teams. ;;2;t;2020-09-16 15:09:50.105754;2020-09-16 15:09:50.105754
455;144;Oui, en donnant le contrôle à mon collègue.;;1;t;2020-09-16 15:09:50.105754;2020-09-16 15:09:50.105754
456;145;Non, cela fera disparaitre la mention.;;2;t;2020-09-16 15:09:50.105754;2020-09-16 15:09:50.105754
457;145;"Oui, si j''ai bien mis '"@'" devant le prénom de mon interlocuteur, la mention fonctionnera toujours, même si j''efface son nom de famille.";;1;t;2020-09-16 15:09:50.105754;2020-09-16 15:09:50.105754
458;146;"Enfin, je désactive le champ '"Courriers concernant les activités manquées'".";;4;t;2020-09-16 15:09:50.105754;2020-09-16 15:09:50.105754
459;146;"Je clique sur '"Paramètres'".";;3;t;2020-09-16 15:09:50.105754;2020-09-16 15:09:50.105754
460;146;"Je sélectionne '"Notifications'" dans le menu de gauche.";;2;t;2020-09-16 15:09:50.105754;2020-09-16 15:09:50.105754
461;146;Tout d'abord, je clique sur mon profil dans Teams.;;1;t;2020-09-16 15:09:50.105754;2020-09-16 15:09:50.105754
462;147;Non;;2;t;2020-09-16 15:09:50.105754;2020-09-16 15:09:50.105754
463;147;Oui, les efforts des uns peuvent bénéficier aux autres, la collaboration entre les membres de l'équipe est favorisée. ;;1;t;2020-09-16 15:09:50.105754;2020-09-16 15:09:50.105754
464;148;"Dans l''onglet '"Détails'",  la liste des personnes ayant accepté ou refusé l''invitation est présente à droite.";;1;t;2020-09-16 15:09:50.105754;2020-09-16 15:09:50.105754
465;148;"Je commence par cliquer sur '"Calendrier'" dans Teams.";;3;t;2020-09-16 15:09:50.105754;2020-09-16 15:09:50.105754
466;148;Je sélectionne ensuite la réunion concernée.;;2;t;2020-09-16 15:09:50.105754;2020-09-16 15:09:50.105754
467;149;Ce n'est pas possible.;;1;t;2020-09-16 15:09:50.105754;2020-09-16 15:09:50.105754
468;149;"Je clique sur les trois points '"…'" à côté du nom de l''équipe et je vais dans '"Gérer l''équipe'".";;2;t;2020-09-16 15:09:50.105754;2020-09-16 15:09:50.105754
469;149;Je supprime l'équipe et je recommence à zéro. ;;3;t;2020-09-16 15:09:50.105754;2020-09-16 15:09:50.105754
470;150;"Depuis l''onglet '"Conversations'", ils auront également accès aux fichiers et liens partagés pendant la réunion.";;2;t;2020-09-16 15:09:50.105754;2020-09-16 15:09:50.105754
471;150;"Ils auront accès au compte-rendu de la réunion car on utilise toujours les '"Notes partagées'".";;3;t;2020-09-16 15:09:50.105754;2020-09-16 15:09:50.105754
472;150;J'appelerai un à un les absents pour leur résumer le contenu de la réunion. ;;4;t;2020-09-16 15:09:50.105754;2020-09-16 15:09:50.105754
473;150;Si la fonctionnalité est disponible dans mon entreprise, je peux enregistrer la réunion pour les absents.;;1;t;2020-09-16 15:09:50.105754;2020-09-16 15:09:50.105754
474;151;J'écris à mon collègue pour lui demander comment faire.;;1;t;2020-09-16 15:09:50.105754;2020-09-16 15:09:50.105754
475;151;"Je clique sur l''icône '"Calendrier'". ";;3;t;2020-09-16 15:09:50.105754;2020-09-16 15:09:50.105754
476;151;"Je clique sur l''icône '"NouveIle conversation'" et je tape les noms des personnes à ajouter. Je rédige ensuite mon message.";;2;t;2020-09-16 15:09:50.105754;2020-09-16 15:09:50.105754
480;153;" Je crée une '"Nouvelle réunion'".";;2;t;2020-09-16 15:09:50.105754;2020-09-16 15:09:50.105754
481;153;"Enfin, je clique sur le bouton '"Réunion Teams'".";;1;t;2020-09-16 15:09:50.105754;2020-09-16 15:09:50.105754
482;153;Je commence par ouvrir Outlook.;;4;t;2020-09-16 15:09:50.105754;2020-09-16 15:09:50.105754
483;153;"Je vais dans l''onglet '"Calendrier'".";;3;t;2020-09-16 15:09:50.105754;2020-09-16 15:09:50.105754
484;154;J'affiche les équipes qui m'importent le plus.;;4;t;2020-09-16 15:09:50.105754;2020-09-16 15:09:50.105754
485;154;Je change l'ordre de la liste de mes équipes en les déplacant avec ma souris.;;3;t;2020-09-16 15:09:50.105754;2020-09-16 15:09:50.105754
486;154;Je masque les équipes qui ne m'intéressent pas.;;2;t;2020-09-16 15:09:50.105754;2020-09-16 15:09:50.105754
487;154;Je quitte certaines équipes, au risque de perdre de l'information.;;1;t;2020-09-16 15:09:50.105754;2020-09-16 15:09:50.105754
488;155;CTRL , ;;2;t;2020-09-16 15:09:50.105754;2020-09-16 15:09:50.105754
489;155;"Windows ; / CTRL N";;1;t;2020-09-16 15:09:50.105754;2020-09-16 15:09:50.105754
490;155;Windows +;;3;t;2020-09-16 15:09:50.105754;2020-09-16 15:09:50.105754
491;156;L'intégralité de son écran;;2;t;2020-09-16 15:09:50.105754;2020-09-16 15:09:50.105754
492;156;Toutes les réponses ci-dessus;;4;t;2020-09-16 15:09:50.105754;2020-09-16 15:09:50.105754
493;156;Une fenêtre spécifique;;1;t;2020-09-16 15:09:50.105754;2020-09-16 15:09:50.105754
494;156;Une présentation PowerPoint;;3;t;2020-09-16 15:09:50.105754;2020-09-16 15:09:50.105754
495;157;J'attends le retour de Julie. ;;3;t;2020-09-16 15:09:50.105754;2020-09-16 15:09:50.105754
496;157;Je demande à mon responsable s'il connaît le numéro de Martin L. .;;1;t;2020-09-16 15:09:50.105754;2020-09-16 15:09:50.105754
497;157;"Je peux retrouver les informations de Martin L. en cliquant sur l''onglet '"Organisation'" dans ma conversation avec Julie.";;2;t;2020-09-16 15:09:50.105754;2020-09-16 15:09:50.105754
501;159;"Des applications Microsoft comme '"OneNote'".";;1;t;2020-09-16 15:09:50.105754;2020-09-16 15:09:50.105754
502;159;Des applications tierces, si elles sont autorisées par mon entreprise.;;2;t;2020-09-16 15:09:50.105754;2020-09-16 15:09:50.105754
503;159;Des Emojis.;;3;t;2020-09-16 15:09:50.105754;2020-09-16 15:09:50.105754
504;160;Modifier la description et le nom d'une équipe.;;1;t;2020-09-16 15:09:50.105754;2020-09-16 15:09:50.105754
505;160;Quitter une équipe.;;3;t;2020-09-16 15:09:50.105754;2020-09-16 15:09:50.105754
506;160;Supprimer l'équipe.;;2;t;2020-09-16 15:09:50.105754;2020-09-16 15:09:50.105754
507;160;Supprimer un canal privé.;;4;t;2020-09-16 15:09:50.105754;2020-09-16 15:09:50.105754
508;161;Enfin, je fais clic droit et je copie le lien.;;1;t;2020-09-16 15:09:50.105754;2020-09-16 15:09:50.105754
509;161;"Je commence par me rendre dans l''onglet '"Fichiers'" du menu de navigation à gauche.";;4;t;2020-09-16 15:09:50.105754;2020-09-16 15:09:50.105754
510;161;"Je sélectionne '"OneDrive'".";;3;t;2020-09-16 15:09:50.105754;2020-09-16 15:09:50.105754
511;161;Je sélectionne le fichier qui m'intéresse.;;2;t;2020-09-16 15:09:50.105754;2020-09-16 15:09:50.105754
512;162;"Je clique enfin sur '"Ajouter à la numérotation rapide'".";;3;t;2020-09-16 15:09:50.105754;2020-09-16 15:09:50.105754
513;162;"Je clique sur l''icône Autres actions '"…'" à côté du dernier appel de Megan.";;4;t;2020-09-16 15:09:50.105754;2020-09-16 15:09:50.105754
514;162;Je sélectionne le dernier appel avec Megan.;;1;t;2020-09-16 15:09:50.105754;2020-09-16 15:09:50.105754
515;162;"Pour commencer, je vais dans l''onglet '"Appels'".";;2;t;2020-09-16 15:09:50.105754;2020-09-16 15:09:50.105754
516;163;Non, le pouce est réservé à des usages non professionnels.  ;;2;t;2020-09-16 15:09:50.105754;2020-09-16 15:09:50.105754
517;163;Oui, ainsi je sais qui a pris connaissance de ma publication.;;1;t;2020-09-16 15:09:50.105754;2020-09-16 15:09:50.105754
521;165;"Oui, depuis l''onglet '"Calendrier'".";;1;t;2020-09-16 15:09:50.105754;2020-09-16 15:09:50.105754
522;165;Oui, quand ils consultent mon profil sur Teams. ;;3;t;2020-09-16 15:09:50.105754;2020-09-16 15:09:50.105754
523;165;Oui, uniquement quand ils utilisent l'Assistant de planification.;;2;t;2020-09-16 15:09:50.105754;2020-09-16 15:09:50.105754
524;166;Ctrl -;;3;t;2020-09-16 15:09:50.105754;2020-09-16 15:09:50.105754
525;166;Ctrl 6;;2;t;2020-09-16 15:09:50.105754;2020-09-16 15:09:50.105754
526;166;Réponse D. ;;4;t;2020-09-16 15:09:50.105754;2020-09-16 15:09:50.105754
527;166;Touche Windows;;1;t;2020-09-16 15:09:50.105754;2020-09-16 15:09:50.105754
528;167;"Enfin, je tape le mot clé '"Appels'" dans la barre de recherche. ";;3;t;2020-09-16 15:09:50.105754;2020-09-16 15:09:50.105754
529;167;"Je clique sur l''icône '"Aide'" en bas du bandeau gauche de Teams.";;2;t;2020-09-16 15:09:50.105754;2020-09-16 15:09:50.105754
530;167;"Je sélectionne l''onglet '"Nouveautés'".";;1;t;2020-09-16 15:09:50.105754;2020-09-16 15:09:50.105754
534;169;Les publications où je suis mentionné.e.;;3;t;2020-09-16 15:09:50.105754;2020-09-16 15:09:50.105754
535;169;Les réactions à mes publications dans les canaux.;;1;t;2020-09-16 15:09:50.105754;2020-09-16 15:09:50.105754
536;169;Les trois réponses ci-dessus.;;4;t;2020-09-16 15:09:50.105754;2020-09-16 15:09:50.105754
537;169;Mes appels manqués.;;2;t;2020-09-16 15:09:50.105754;2020-09-16 15:09:50.105754
538;170;"J''ajoute Alex à l''appel en cours en cliquant sur '"Ajouter des participants'".";;3;t;2020-09-16 15:09:50.105754;2020-09-16 15:09:50.105754
539;170;J'appelle Alex depuis mon mobile et je le mets en haut parleur.;;2;t;2020-09-16 15:09:50.105754;2020-09-16 15:09:50.105754
540;170;Je raccroche l'appel en cours et je lance un nouvel appel de groupe.;;1;t;2020-09-16 15:09:50.105754;2020-09-16 15:09:50.105754
541;171;Faux;;2;t;2020-09-16 15:09:50.105754;2020-09-16 15:09:50.105754
542;171;Vrai, je peux le définir de la même façon que dans Outlook.;;1;t;2020-09-16 15:09:50.105754;2020-09-16 15:09:50.105754
546;173;"Je clique sur '"Epingler'".";;1;t;2020-09-16 15:09:50.105754;2020-09-16 15:09:50.105754
547;173;Je fais un clic droit sur la vidéo d'Alex.;;2;t;2020-09-16 15:09:50.105754;2020-09-16 15:09:50.105754
548;173;Tout d'abord, je rejoins la réunion. ;;3;t;2020-09-16 15:09:50.105754;2020-09-16 15:09:50.105754
549;174;Je clique sur ma photo de profil.;;2;t;2020-09-16 15:09:50.105754;2020-09-16 15:09:50.105754
550;174;Je personnalise mes notifications par activité.;;4;t;2020-09-16 15:09:50.105754;2020-09-16 15:09:50.105754
551;174;"Je sélectionne '"Notifications'".";;3;t;2020-09-16 15:09:50.105754;2020-09-16 15:09:50.105754
552;174;"Je sélectionne '"Paramètres'".";;1;t;2020-09-16 15:09:50.105754;2020-09-16 15:09:50.105754
553;175;Je transfère l'email en essayant de n'oublier personne dans la liste des destinataires.;;1;t;2020-09-16 15:09:50.105754;2020-09-16 15:09:50.105754
554;175;"Je vais sur le canal '"RH'" de notre équipe Teams, je clique droit et je choisis '"Obtenir l''adresse email'" : je peux ainsi transférer le mail d''origine à mon équipe dans Teams. ";;2;t;2020-09-16 15:09:50.105754;2020-09-16 15:09:50.105754
555;176;"Onglet '"Activités'"";;1;t;2020-09-16 15:09:50.105754;2020-09-16 15:09:50.105754
556;176;"Onglet '"Equipes'"";;2;t;2020-09-16 15:09:50.105754;2020-09-16 15:09:50.105754
557;176;"Onglet '"Plus'"";;3;t;2020-09-16 15:09:50.105754;2020-09-16 15:09:50.105754
561;178;J'envoie un email.;;1;t;2020-09-16 15:09:50.105754;2020-09-16 15:09:50.105754
562;178;Je crée une nouvelle équipe.;;3;t;2020-09-16 15:09:50.105754;2020-09-16 15:09:50.105754
563;178;"Je crée une publication dans notre équipe Teams en utilisant éventuellement '"Praise/ Féliciter'".";;2;t;2020-09-16 15:09:50.105754;2020-09-16 15:09:50.105754
564;179;Faux;;2;t;2020-09-16 15:09:50.105754;2020-09-16 15:09:50.105754
565;179;Vrai;;1;t;2020-09-16 15:09:50.105754;2020-09-16 15:09:50.105754
566;180;Je demande à un des organisateurs d'enregistrer la réunion. ;;4;t;2020-09-16 15:09:50.105754;2020-09-16 15:09:50.105754
567;180;Je prends connaissance des deux ordres du jour.;;3;t;2020-09-16 15:09:50.105754;2020-09-16 15:09:50.105754
568;180;Je vérifie si ma présence est obligatoire ou facultative à ces réunions.;;1;t;2020-09-16 15:09:50.105754;2020-09-16 15:09:50.105754
569;180;Trop difficile de décider, je préfère n'assister à aucune des deux réunions.;;2;t;2020-09-16 15:09:50.105754;2020-09-16 15:09:50.105754
570;181;"'"Désactiver les notifications'"";;2;t;2020-09-16 15:09:50.105754;2020-09-16 15:09:50.105754
571;181;"'"M''avertir lorsque le statut devient disponible'" ";;3;t;2020-09-16 15:09:50.105754;2020-09-16 15:09:50.105754
572;181;"'"Marquer comme non lue'"";;1;t;2020-09-16 15:09:50.105754;2020-09-16 15:09:50.105754
573;182;Faux, l'ordre des boutons n'est pas modifiable sur l'application mobile. ;;2;t;2020-09-16 15:09:50.105754;2020-09-16 15:09:50.105754
574;182;"Vrai, en appuyant sur l''onglet '"…'" (Plus) en bas à droite de l''interface,je peux '"Réorganiser'" les éléments par rapport aux autres.";;1;t;2020-09-16 15:09:50.105754;2020-09-16 15:09:50.105754
575;183;Non, les deux calendriers sont indépendants.;;2;t;2020-09-16 15:09:50.105754;2020-09-16 15:09:50.105754
576;183;Oui, mon calendrier Outlook est synchronisé avec mon calendrier Teams.;;1;t;2020-09-16 15:09:50.105754;2020-09-16 15:09:50.105754
577;184;"J''active la fonctionnalité ''Thème foncé'".";;1;t;2020-09-16 15:09:50.105754;2020-09-16 15:09:50.105754
578;184;"Je commence par aller dans les '"Paramètres'".";;2;t;2020-09-16 15:09:50.105754;2020-09-16 15:09:50.105754
579;184;Je redémarre enfin l'application pour que le nouveau paramétrage soit pris en compte.;;3;t;2020-09-16 15:09:50.105754;2020-09-16 15:09:50.105754
580;185;Faux;;2;t;2020-09-16 15:09:50.105754;2020-09-16 15:09:50.105754
581;185;Vrai;;1;t;2020-09-16 15:09:50.105754;2020-09-16 15:09:50.105754
582;186;Je crée un nouveau canal privé avec les mêmes personnes.;;2;t;2020-09-16 15:09:50.105754;2020-09-16 15:09:50.105754
584;186;Je leur transfère la procédure interne par email. ;;4;t;2020-09-16 15:09:50.105754;2020-09-16 15:09:50.105754
585;186;"Je poste une nouvelle publication dans le canal privé '"Prévision des ventes'".";;1;t;2020-09-16 15:09:50.105754;2020-09-16 15:09:50.105754
586;187;Enfin, j'épingle l'onglet dans le bandeau gauche de Teams.;;3;t;2020-09-16 15:09:50.105754;2020-09-16 15:09:50.105754
587;187;"Je clique sur '"Attribué à vous'".";;4;t;2020-09-16 15:09:50.105754;2020-09-16 15:09:50.105754
588;187;"Je commence par cliquer sur les trois points '"…'" dans le bandeau gauche.";;2;t;2020-09-16 15:09:50.105754;2020-09-16 15:09:50.105754
589;187;"Je sélectionne l''application '"Planificateur'".";;1;t;2020-09-16 15:09:50.105754;2020-09-16 15:09:50.105754
590;188;Je copie le lien du fichier et je le lui envoie dans notre conversation privée.;;2;t;2020-09-16 15:09:50.105754;2020-09-16 15:09:50.105754
591;188;Je télécharge le fichier sur mon PC et je lui envoie par email.;;1;t;2020-09-16 15:09:50.105754;2020-09-16 15:09:50.105754
592;188;Réponse C;;3;t;2020-09-16 15:09:50.105754;2020-09-16 15:09:50.105754
593;189;Je l'envoie par email aux participants de la réunion.;;1;t;2020-09-16 15:09:50.105754;2020-09-16 15:09:50.105754
594;189;Je l'envoie par voyageur intergalactique !  ;;3;t;2020-09-16 15:09:50.105754;2020-09-16 15:09:50.105754
595;189;Je le partage depuis mon OneDrive dans la conversation de la réunion.;;2;t;2020-09-16 15:09:50.105754;2020-09-16 15:09:50.105754
596;190;Faux;;2;t;2020-09-16 15:09:50.105754;2020-09-16 15:09:50.105754
597;190;Vrai;;1;t;2020-09-16 15:09:50.105754;2020-09-16 15:09:50.105754
598;191;C'est impossible de retrouver ce lien. ;;3;t;2020-09-16 15:09:50.105754;2020-09-16 15:09:50.105754
599;191;J'ouvre la réunion depuis mon calendrier Outlook.;;1;t;2020-09-16 15:09:50.105754;2020-09-16 15:09:50.105754
600;191;J'ouvre la réunion depuis mon calendrier Teams et je vais dans l'onglet Conversation.;;2;t;2020-09-16 15:09:50.105754;2020-09-16 15:09:50.105754
601;192;Non, j'ai besoin de mon PC pour accéder à cette chaîne Stream. ;;2;t;2020-09-16 15:09:50.105754;2020-09-16 15:09:50.105754
602;192;Oui, sur mobile je retrouve également les applications épinglées aux canaux très facilement.;;1;t;2020-09-16 15:09:50.105754;2020-09-16 15:09:50.105754
603;193;"Enfin, je sélectionne '"Afficher les paramètres de périphérique'".";;1;t;2020-09-16 15:09:50.105754;2020-09-16 15:09:50.105754
604;193;"Je clique ensuite sur les trois points '"…'" dans la barre de contrôle.";;3;t;2020-09-16 15:09:50.105754;2020-09-16 15:09:50.105754
605;193;"Pour commencer, je sélectionne mon casque dans les '"Périphériques Audio'".";;2;t;2020-09-16 15:09:50.105754;2020-09-16 15:09:50.105754
606;194;"J''appuie sur '"Caméra'" et prends la photo de la publicité qui m''intéresse.";;2;t;2020-09-16 15:09:50.105754;2020-09-16 15:09:50.105754
607;194;"J''appuie sur le bouton violet '"OK'".";;4;t;2020-09-16 15:09:50.105754;2020-09-16 15:09:50.105754
608;194;"Je commence par appuyer sur le bouton '"…'" (Plus) en bas à droite de l''application mobile.";;1;t;2020-09-16 15:09:50.105754;2020-09-16 15:09:50.105754
609;194;Pour finir, je sélectionne Alex dans la liste proposée. ;;3;t;2020-09-16 15:09:50.105754;2020-09-16 15:09:50.105754
610;195;Réponse C. ;;3;t;2020-09-16 15:09:50.105754;2020-09-16 15:09:50.105754
611;195;Toutes les conversations et les fichiers seront supprimés. ;;1;t;2020-09-16 15:09:50.105754;2020-09-16 15:09:50.105754
612;195;Toutes les conversations seront supprimées mais les fichiers seront accessibles depuis le Sharepoint de l'équipe. ;;2;t;2020-09-16 15:09:50.105754;2020-09-16 15:09:50.105754
613;196;Je l'appelle.;;2;t;2020-09-16 15:09:50.105754;2020-09-16 15:09:50.105754
614;196;"Je me fais avertir lorsque son statut passe à '"Disponible'".";;3;t;2020-09-16 15:09:50.105754;2020-09-16 15:09:50.105754
615;196;Je vérifie son statut Teams. ;;1;t;2020-09-16 15:09:50.105754;2020-09-16 15:09:50.105754
620;198;Enfin je partage la fenêtre contenant la vidéo.;;2;t;2020-09-16 15:09:50.105754;2020-09-16 15:09:50.105754
621;198;"Ensuite je coche '"Inclure le système audio'" en haut à gauche de la fenêtre.";;1;t;2020-09-16 15:09:50.105754;2020-09-16 15:09:50.105754
622;198;"Je sélectionne l''icône '"Partager du contenu'".";;3;t;2020-09-16 15:09:50.105754;2020-09-16 15:09:50.105754
623;198;Tout d'abord Je démarre la réunion.;;4;t;2020-09-16 15:09:50.105754;2020-09-16 15:09:50.105754
624;199;Ce n'est pas possible, ma publication ne sera pas aérée. ;;2;t;2020-09-16 15:09:50.105754;2020-09-16 15:09:50.105754
625;199;"J''utilise les touches '"MAJ'" + '"Entrée'" pour aller à la ligne.";;1;t;2020-09-16 15:09:50.105754;2020-09-16 15:09:50.105754
626;200;Que c'est impossible, tous les fichiers ont été supprimés.;;1;t;2020-09-16 15:09:50.105754;2020-09-16 15:09:50.105754
627;200;Que les fichiers ont été stockés automatiquement sur mon OneDrive.;;2;t;2020-09-16 15:09:50.105754;2020-09-16 15:09:50.105754
628;200;Que les fichiers sont accessibles depuis le Sharepoint de l'équipe. ;;3;t;2020-09-16 15:09:50.105754;2020-09-16 15:09:50.105754
636;203;Faux;;2;t;2020-09-16 15:09:50.105754;2020-09-16 15:09:50.105754
637;203;Vrai;;1;t;2020-09-16 15:09:50.105754;2020-09-16 15:09:50.105754
638;204;A discuter de mes projets de vacances au soleil avec mes collègues.;;4;t;2020-09-16 15:09:50.105754;2020-09-16 15:09:50.105754
639;204;A échanger des informations, réagir, apporter des précisions PENDANT la réunion.;;2;t;2020-09-16 15:09:50.105754;2020-09-16 15:09:50.105754
640;204;A envoyer des informations aux participants AVANT le démarrage de la réunion.;;1;t;2020-09-16 15:09:50.105754;2020-09-16 15:09:50.105754
641;204;A poursuivre les échanges APRES la réunion.;;3;t;2020-09-16 15:09:50.105754;2020-09-16 15:09:50.105754
642;205;"Je vais sur ma publication et je clique sur '"…'" (Plus d''options) et '"Modifier'".";;3;t;2020-09-16 15:09:50.105754;2020-09-16 15:09:50.105754
643;205;"Je vais sur ma publication et je clique sur '"Répondre'".";;2;t;2020-09-16 15:09:50.105754;2020-09-16 15:09:50.105754
644;205;"Je vais sur ma publication et je clique sur l''emoji '"Fâché'".";;1;t;2020-09-16 15:09:50.105754;2020-09-16 15:09:50.105754
645;206;Elle change la vue de son calendrier pour voir ses créneaux disponibles de la journée.;;3;t;2020-09-16 15:09:50.105754;2020-09-16 15:09:50.105754
646;206;Elle crée une nouvelle réunion.;;1;t;2020-09-16 15:09:50.105754;2020-09-16 15:09:50.105754
647;206;Elle passe un appel.;;2;t;2020-09-16 15:09:50.105754;2020-09-16 15:09:50.105754
648;207;J'informe uniquement les personnes de mon équipe de mon absence.;;2;t;2020-09-16 15:09:50.105754;2020-09-16 15:09:50.105754
649;207;Je personnalise mon message d'absence dans Outlook en intégrant les coordonnées de Julie. ;;3;t;2020-09-16 15:09:50.105754;2020-09-16 15:09:50.105754
650;207;Je personnalise mon message de statut en mentionnant Julie comme personne à contacter. ;;1;t;2020-09-16 15:09:50.105754;2020-09-16 15:09:50.105754
651;208;"Mon collègue a envoyé un message '"Urgent'" dans notre conversation : en rédigeant son message, il l''a doté d''un caractère urgent, je suis donc notifié.e toutes les 2 minutes pendant 20 minutes.";;2;t;2020-09-16 15:09:50.105754;2020-09-16 15:09:50.105754
652;208;Mon collègue est très stressé par la perspective de cette rencontre. ;;1;t;2020-09-16 15:09:50.105754;2020-09-16 15:09:50.105754
653;208;Mon collègue ne sait pas utiliser Teams correctement.;;3;t;2020-09-16 15:09:50.105754;2020-09-16 15:09:50.105754
654;209;Non, je ne peux créer d'équipes Teams que via l'application PC. ;;2;t;2020-09-16 15:09:50.105754;2020-09-16 15:09:50.105754
655;209;Oui, je peux nommer l'équipe, lui donner une description et même définir si elle est privée ou publique.;;1;t;2020-09-16 15:09:50.105754;2020-09-16 15:09:50.105754
656;210;Les conversations de groupe.;;2;t;2020-09-16 15:09:50.105754;2020-09-16 15:09:50.105754
657;210;Les conversations de réunion.;;3;t;2020-09-16 15:09:50.105754;2020-09-16 15:09:50.105754
658;210;Les conversations masquées. ;;4;t;2020-09-16 15:09:50.105754;2020-09-16 15:09:50.105754
659;210;Les conversations privées.;;1;t;2020-09-16 15:09:50.105754;2020-09-16 15:09:50.105754
5;2; Zone Saisir les informations de la réunion;/COMM/COMM_DEB_FR/COMM_DEB_FR_12/C.png;3;t;2020-09-16 15:09:50.105754;2020-09-16 15:09:50.105754
6;2;Zone Ajouter un canal;/COMM/COMM_DEB_FR/COMM_DEB_FR_12/B.png;2;t;2020-09-16 15:09:50.105754;2020-09-16 15:09:50.105754
7;2;Zone Ajouter un titre;/COMM/COMM_DEB_FR/COMM_DEB_FR_12/A.png;1;t;2020-09-16 15:09:50.105754;2020-09-16 15:09:50.105754
94;30;Icône Audio;/REU/REU_DEB_FR/REU_DEB_FR_9/B.png;2;t;2020-09-16 15:09:50.105754;2020-09-16 15:09:50.105754
95;30;Icône Participant;/REU/REU_DEB_FR/REU_DEB_FR_9/C.png;3;t;2020-09-16 15:09:50.105754;2020-09-16 15:09:50.105754
96;30;Icône Vidéo;/REU/REU_DEB_FR/REU_DEB_FR_9/A.png;1;t;2020-09-16 15:09:50.105754;2020-09-16 15:09:50.105754
101;32;"Dans l''onglet '"Conversation'"";/REU/REU_DEB_FR/REU_DEB_FR_14/A.png;1;t;2020-09-16 15:09:50.105754;2020-09-16 15:09:50.105754
102;32;"Dans l''onglet '"Fichiers de la réunion'"";/REU/REU_DEB_FR/REU_DEB_FR_14/B.png;2;t;2020-09-16 15:09:50.105754;2020-09-16 15:09:50.105754
103;32;"Dans l''onglet '"Notes de la réunion'"";/REU/REU_DEB_FR/REU_DEB_FR_14/C.png;3;t;2020-09-16 15:09:50.105754;2020-09-16 15:09:50.105754
123;39;Icône Activer la vidéo;/PILPROJ/PILPROJ_DEB_FR/PILPROJ_DEB_FR_1/A.png;1;t;2020-09-16 15:09:50.105754;2020-09-16 15:09:50.105754
124;39;Icône Ajouter des participants;/PILPROJ/PILPROJ_DEB_FR/PILPROJ_DEB_FR_1/B.png;2;t;2020-09-16 15:09:50.105754;2020-09-16 15:09:50.105754
125;39;Icône Détacher la fenêtre;/PILPROJ/PILPROJ_DEB_FR/PILPROJ_DEB_FR_1/C.png;3;t;2020-09-16 15:09:50.105754;2020-09-16 15:09:50.105754
148;47;Absent;/COMM/COMM_INT_FR/COMM_INT_FR_7/C.png;3;t;2020-09-16 15:09:50.105754;2020-09-16 15:09:50.105754
149;47;Ne pas déranger;/COMM/COMM_INT_FR/COMM_INT_FR_7/B.png;2;t;2020-09-16 15:09:50.105754;2020-09-16 15:09:50.105754
150;47;Occupé;/COMM/COMM_INT_FR/COMM_INT_FR_7/A.png;1;t;2020-09-16 15:09:50.105754;2020-09-16 15:09:50.105754
174;56;"Icône '"Activer les sous-titres instantanés'"";/REU/REU_AVA_FR/REU_AVA_FR_12/B.png;2;t;2020-09-16 15:09:50.105754;2020-09-16 15:09:50.105754
175;56;"Icône '"Appliquer les effets d''arrière plan'"";/REU/REU_AVA_FR/REU_AVA_FR_12/A.png;1;t;2020-09-16 15:09:50.105754;2020-09-16 15:09:50.105754
176;56;"Icône '"Démarrer l''enregistrement'"";/REU/REU_AVA_FR/REU_AVA_FR_12/C.png;3;t;2020-09-16 15:09:50.105754;2020-09-16 15:09:50.105754
183;59;" Icône '"Conversation'" ";/COMM/COMM_INT_FR/COMM_INT_FR_11/C.png;3;t;2020-09-16 15:09:50.105754;2020-09-16 15:09:50.105754
184;59;"Icône '"Activer mon micro'"";/COMM/COMM_INT_FR/COMM_INT_FR_11/A.png;1;t;2020-09-16 15:09:50.105754;2020-09-16 15:09:50.105754
185;59;"Icône '"Lever la main'" ";/COMM/COMM_INT_FR/COMM_INT_FR_11/B.png;2;t;2020-09-16 15:09:50.105754;2020-09-16 15:09:50.105754
212;68;"Icône '"…'"";/COMM/COMM_DEB_FR/COMM_DEB_FR_2/A.png;1;t;2020-09-16 15:09:50.105754;2020-09-16 15:09:50.105754
213;68;"Icône '"Filtre'"";/COMM/COMM_DEB_FR/COMM_DEB_FR_2/B.png;2;t;2020-09-16 15:09:50.105754;2020-09-16 15:09:50.105754
214;68;"Icône '"Séparer la conversation'"";/COMM/COMM_DEB_FR/COMM_DEB_FR_2/C.png;3;t;2020-09-16 15:09:50.105754;2020-09-16 15:09:50.105754
236;76;Onglet … ;/PILPROJ/PILPROJ_DEB_FR/PILPROJ_DEB_FR_6/B.png;2;t;2020-09-16 15:09:50.105754;2020-09-16 15:09:50.105754
237;76;Onglet Activité;/PILPROJ/PILPROJ_DEB_FR/PILPROJ_DEB_FR_6/A.png;1;t;2020-09-16 15:09:50.105754;2020-09-16 15:09:50.105754
238;76;Onglet Applications;/PILPROJ/PILPROJ_DEB_FR/PILPROJ_DEB_FR_6/C.png;3;t;2020-09-16 15:09:50.105754;2020-09-16 15:09:50.105754
248;80;"'"Copier le lien'"";/MOB/MOB_AVA_FR/MOB_AVA_FR_4/B.png;2;t;2020-09-16 15:09:50.105754;2020-09-16 15:09:50.105754
249;80;"'"Envoyer une copie'"";/MOB/MOB_AVA_FR/MOB_AVA_FR_4/C.png;3;t;2020-09-16 15:09:50.105754;2020-09-16 15:09:50.105754
250;80;"'"Ouvrir dans l''application'"";/MOB/MOB_AVA_FR/MOB_AVA_FR_4/D.png;4;t;2020-09-16 15:09:50.105754;2020-09-16 15:09:50.105754
251;80;"'"Partager'"";/MOB/MOB_AVA_FR/MOB_AVA_FR_4/A.png;1;t;2020-09-16 15:09:50.105754;2020-09-16 15:09:50.105754
310;97;Je charge un GIF dans une conversation.;/REU/REU_DEB_FR/REU_DEB_FR_7/D.png;4;t;2020-09-16 15:09:50.105754;2020-09-16 15:09:50.105754
311;97;"Je clique sur '"Modifier l''image'".";/REU/REU_DEB_FR/REU_DEB_FR_7/B.png;2;t;2020-09-16 15:09:50.105754;2020-09-16 15:09:50.105754
312;97;Je clique sur mon avatar ou mes initiales si je n'ai pas déjà chargé une photo.;/REU/REU_DEB_FR/REU_DEB_FR_7/A.png;1;t;2020-09-16 15:09:50.105754;2020-09-16 15:09:50.105754
313;97;Je télécharge une nouvelle image via la fenêtre.;/REU/REU_DEB_FR/REU_DEB_FR_7/C.png;3;t;2020-09-16 15:09:50.105754;2020-09-16 15:09:50.105754
324;102;Onglet Activité;/PILPROJ/PILPROJ_DEB_FR/PILPROJ_DEB_FR_7/A.png;1;t;2020-09-16 15:09:50.105754;2020-09-16 15:09:50.105754
325;102;Onglet Calendrier;/PILPROJ/PILPROJ_DEB_FR/PILPROJ_DEB_FR_7/C.png;3;t;2020-09-16 15:09:50.105754;2020-09-16 15:09:50.105754
326;102;Onglet Equipes;/PILPROJ/PILPROJ_DEB_FR/PILPROJ_DEB_FR_7/B.png;2;t;2020-09-16 15:09:50.105754;2020-09-16 15:09:50.105754
384;122;" Icône '"+'"";/COMM/COMM_DEB_FR/COMM_DEB_FR_5/C.png;3;t;2020-09-16 15:09:50.105754;2020-09-16 15:09:50.105754
385;122;Icône Activité;/COMM/COMM_DEB_FR/COMM_DEB_FR_5/B.png;2;t;2020-09-16 15:09:50.105754;2020-09-16 15:09:50.105754
386;122;Icône Fichiers;/COMM/COMM_DEB_FR/COMM_DEB_FR_5/A.png;1;t;2020-09-16 15:09:50.105754;2020-09-16 15:09:50.105754
390;124;"Icône '"Désactiver tous les micros'"";/REU/REU_AVA_FR/REU_AVA_FR_10/C.png;3;t;2020-09-16 15:09:50.105754;2020-09-16 15:09:50.105754
391;124;"Icône '"Inviter quelqu''un'"";/REU/REU_AVA_FR/REU_AVA_FR_10/B.png;2;t;2020-09-16 15:09:50.105754;2020-09-16 15:09:50.105754
392;124;"Icône'" Désactiver mon micro'"";/REU/REU_AVA_FR/REU_AVA_FR_10/A.png;1;t;2020-09-16 15:09:50.105754;2020-09-16 15:09:50.105754
401;128;"Icône '"Appel audio'"";/MOB/MOB_DEB_FR/MOB_DEB_FR_1/A.png;1;t;2020-09-16 15:09:50.105754;2020-09-16 15:09:50.105754
402;128;"Icône '"Appel vidéo'"";/MOB/MOB_DEB_FR/MOB_DEB_FR_1/B.png;2;t;2020-09-16 15:09:50.105754;2020-09-16 15:09:50.105754
403;128;"Icône '"Micro'" ";/MOB/MOB_DEB_FR/MOB_DEB_FR_1/C.png;3;t;2020-09-16 15:09:50.105754;2020-09-16 15:09:50.105754
425;135;"'"Icône Conversation";/COMM/COMM_DEB_FR/COMM_DEB_FR_4/B.png;2;t;2020-09-16 15:09:50.105754;2020-09-16 15:09:50.105754
426;135;"Icône '"…'"";/COMM/COMM_DEB_FR/COMM_DEB_FR_4/C.png;3;t;2020-09-16 15:09:50.105754;2020-09-16 15:09:50.105754
427;135;"Icône '"Commentaires'"";/COMM/COMM_DEB_FR/COMM_DEB_FR_4/A.png;1;t;2020-09-16 15:09:50.105754;2020-09-16 15:09:50.105754
477;152;"Image '"Activer la caméra'"";/REU/REU_INT_FR/REU_INT_FR_8/A.png;1;t;2020-09-16 15:09:50.105754;2020-09-16 15:09:50.105754
478;152;"Image '"Mettre fin à la réunion'"";/REU/REU_INT_FR/REU_INT_FR_8/C.png;3;t;2020-09-16 15:09:50.105754;2020-09-16 15:09:50.105754
479;152;"Image '"Quitter'"";/REU/REU_INT_FR/REU_INT_FR_8/B.png;2;t;2020-09-16 15:09:50.105754;2020-09-16 15:09:50.105754
498;158;"Image '" ... '"";/COMM/COMM_DEB_FR/COMM_DEB_FR_10/A.png;1;t;2020-09-16 15:09:50.105754;2020-09-16 15:09:50.105754
499;158;"Image '"Ajouter des personnes'"";/COMM/COMM_DEB_FR/COMM_DEB_FR_10/C.png;3;t;2020-09-16 15:09:50.105754;2020-09-16 15:09:50.105754
500;158;"Image '"Partager mon écran'"";/COMM/COMM_DEB_FR/COMM_DEB_FR_10/B.png;2;t;2020-09-16 15:09:50.105754;2020-09-16 15:09:50.105754
518;164;"Statut '"Disponible'"";/MOB/MOB_DEB_FR/MOB_DEB_FR_7/A.png;1;t;2020-09-16 15:09:50.105754;2020-09-16 15:09:50.105754
519;164;"Statut '"Ne pas déranger'"";/MOB/MOB_DEB_FR/MOB_DEB_FR_7/C.png;3;t;2020-09-16 15:09:50.105754;2020-09-16 15:09:50.105754
520;164;"Statut '"Occupé'"";/MOB/MOB_DEB_FR/MOB_DEB_FR_7/B.png;2;t;2020-09-16 15:09:50.105754;2020-09-16 15:09:50.105754
531;168;Icône Emoji;/COMM/COMM_DEB_FR/COMM_DEB_FR_3/C.png;3;t;2020-09-16 15:09:50.105754;2020-09-16 15:09:50.105754
532;168;Icône Format;/COMM/COMM_DEB_FR/COMM_DEB_FR_3/A.png;1;t;2020-09-16 15:09:50.105754;2020-09-16 15:09:50.105754
533;168;Icône Joindre;/COMM/COMM_DEB_FR/COMM_DEB_FR_3/B.png;2;t;2020-09-16 15:09:50.105754;2020-09-16 15:09:50.105754
543;172;Icône Format;/COMM/COMM_DEB_FR/COMM_DEB_FR_14/C.png;3;t;2020-09-16 15:09:50.105754;2020-09-16 15:09:50.105754
544;172;Icône Répondre;/COMM/COMM_DEB_FR/COMM_DEB_FR_14/B.png;2;t;2020-09-16 15:09:50.105754;2020-09-16 15:09:50.105754
545;172;Zone Démarrer une conversation;/COMM/COMM_DEB_FR/COMM_DEB_FR_14/A.png;1;t;2020-09-16 15:09:50.105754;2020-09-16 15:09:50.105754
558;177;"L''icône '"Clôche'"";/MOB/MOB_DEB_FR/MOB_DEB_FR_14/A.png;1;t;2020-09-16 15:09:50.105754;2020-09-16 15:09:50.105754
559;177;"L''icône '"Nouvelle publication'"";/MOB/MOB_DEB_FR/MOB_DEB_FR_14/C.png;3;t;2020-09-16 15:09:50.105754;2020-09-16 15:09:50.105754
560;177;"L''icône '"Plus'"";/MOB/MOB_DEB_FR/MOB_DEB_FR_14/B.png;2;t;2020-09-16 15:09:50.105754;2020-09-16 15:09:50.105754
629;201;Icône Excel;/PILPROJ/PILPROJ_DEB_FR/PILPROJ_DEB_FR_5/B.png;2;t;2020-09-16 15:09:50.105754;2020-09-16 15:09:50.105754
630;201;Icône Forms ;/PILPROJ/PILPROJ_DEB_FR/PILPROJ_DEB_FR_5/D.png;4;t;2020-09-16 15:09:50.105754;2020-09-16 15:09:50.105754
631;201;Icône OneNote;/PILPROJ/PILPROJ_DEB_FR/PILPROJ_DEB_FR_5/A.png;1;t;2020-09-16 15:09:50.105754;2020-09-16 15:09:50.105754
632;201;Icône Planificateur;/PILPROJ/PILPROJ_DEB_FR/PILPROJ_DEB_FR_5/C.png;3;t;2020-09-16 15:09:50.105754;2020-09-16 15:09:50.105754
633;202;"Dans l''onglet '"Appels'" ";/COMM/COMM_DEB_FR/COMM_DEB_FR_9/C.png;3;t;2020-09-16 15:09:50.105754;2020-09-16 15:09:50.105754
634;202;"Dans l''onglet '"Calendrier'"";/COMM/COMM_DEB_FR/COMM_DEB_FR_9/B.png;2;t;2020-09-16 15:09:50.105754;2020-09-16 15:09:50.105754
635;202;"Dans l''onglet '"Conversations'"";/COMM/COMM_DEB_FR/COMM_DEB_FR_9/A.png;1;t;2020-09-16 15:09:50.105754;2020-09-16 15:09:50.105754
